time: seconds_since_epoche, state (zero_velocity/pass_through/capping), command.linear.x, command.linear.y, command.linear.z, command.angular.x, command.angular.y, command.angular.z, msg.linear.x, msg.linear.y, msg.linear.z, msg.angular.x, msg.angular.y, msg.angular.z

1643997776.29,zero_velocity,0.0,0.0,0.0,0.0,0.0,0.0,0.0,0.0,0.0,0.0,0.0,0.0
1643997776.53,zero_velocity,0.0,0.0,0.0,0.0,0.0,-0.998330345377,0.0,0.0,0.0,0.0,0.0,-0.998330345377
1643997776.59,zero_velocity,0.0,0.0,0.0,0.0,0.0,-1.00173156755,0.0,0.0,0.0,0.0,0.0,-1.00173156755
1643997776.7,pass_through,0.504828288686,0.0,0.0,0.0,0.0,-1.57,0.504828288686,0.0,0.0,0.0,0.0,-1.57
1643997776.73,pass_through,0.504774658009,0.0,0.0,0.0,0.0,-1.5022221244,0.504774658009,0.0,0.0,0.0,0.0,-1.5022221244
1643997776.82,pass_through,0.704785048962,0.0,0.0,0.0,0.0,-1.57,0.704785048962,0.0,0.0,0.0,0.0,-1.57
1643997776.88,pass_through,0.867134034634,0.0,0.0,0.0,0.0,-1.53905418095,0.867134034634,0.0,0.0,0.0,0.0,-1.53905418095
1643997776.96,pass_through,0.909169463977,0.0,0.0,0.0,0.0,-1.45559109136,0.909169463977,0.0,0.0,0.0,0.0,-1.45559109136
1643997777.03,pass_through,0.906050102277,0.0,0.0,0.0,0.0,-1.44937395748,0.906050102277,0.0,0.0,0.0,0.0,-1.44937395748
1643997777.14,pass_through,0.903061234253,0.0,0.0,0.0,0.0,-1.34724930688,0.903061234253,0.0,0.0,0.0,0.0,-1.34724930688
1643997777.18,pass_through,0.897438452866,0.0,0.0,0.0,0.0,-1.30090788063,0.897438452866,0.0,0.0,0.0,0.0,-1.30090788063
1643997777.24,pass_through,0.892638043593,0.0,0.0,0.0,0.0,-1.26965133316,0.892638043593,0.0,0.0,0.0,0.0,-1.26965133316
1643997777.32,pass_through,0.883950806535,0.0,0.0,0.0,0.0,-1.23751500581,0.883950806535,0.0,0.0,0.0,0.0,-1.23751500581
1643997777.43,pass_through,0.877245055938,0.0,0.0,0.0,0.0,-1.17673316579,0.877245055938,0.0,0.0,0.0,0.0,-1.17673316579
1643997777.5,pass_through,0.866004765323,0.0,0.0,0.0,0.0,-1.10966093114,0.866004765323,0.0,0.0,0.0,0.0,-1.10966093114
1643997777.57,pass_through,0.857814163764,0.0,0.0,0.0,0.0,-1.07019448657,0.857814163764,0.0,0.0,0.0,0.0,-1.07019448657
1643997777.66,pass_through,0.844438148854,0.0,0.0,0.0,0.0,-1.02045966826,0.844438148854,0.0,0.0,0.0,0.0,-1.02045966826
1643997777.78,pass_through,0.835158249622,0.0,0.0,0.0,0.0,-0.970762379295,0.835158249622,0.0,0.0,0.0,0.0,-0.970762379295
1643997777.79,pass_through,0.820525886848,0.0,0.0,0.0,0.0,-0.927304805705,0.820525886848,0.0,0.0,0.0,0.0,-0.927304805705
1643997777.87,pass_through,0.810916444401,0.0,0.0,0.0,0.0,-0.953683384343,0.810916444401,0.0,0.0,0.0,0.0,-0.953683384343
1643997777.97,pass_through,0.796220237963,0.0,0.0,0.0,0.0,-0.960648544713,0.796220237963,0.0,0.0,0.0,0.0,-0.960648544713
1643997778.02,pass_through,0.786340114405,0.0,0.0,0.0,0.0,-0.88772404219,0.786340114405,0.0,0.0,0.0,0.0,-0.88772404219
1643997778.08,pass_through,0.770856491838,0.0,0.0,0.0,0.0,-0.824587680666,0.770856491838,0.0,0.0,0.0,0.0,-0.824587680666
1643997778.2,pass_through,0.760159197356,0.0,0.0,0.0,0.0,-0.817151556517,0.760159197356,0.0,0.0,0.0,0.0,-0.817151556517
1643997778.27,pass_through,0.744016429671,0.0,0.0,0.0,0.0,-0.821801788932,0.744016429671,0.0,0.0,0.0,0.0,-0.821801788932
1643997778.32,pass_through,0.73313872914,0.0,0.0,0.0,0.0,-0.743864910226,0.73313872914,0.0,0.0,0.0,0.0,-0.743864910226
1643997778.39,pass_through,0.716618125857,0.0,0.0,0.0,0.0,-0.67576233638,0.716618125857,0.0,0.0,0.0,0.0,-0.67576233638
1643997778.47,pass_through,0.705422200898,0.0,0.0,0.0,0.0,-0.641290859047,0.705422200898,0.0,0.0,0.0,0.0,-0.641290859047
1643997778.55,pass_through,0.688739506286,0.0,0.0,0.0,0.0,-0.687850971222,0.688739506286,0.0,0.0,0.0,0.0,-0.687850971222
1643997778.63,pass_through,0.677477966688,0.0,0.0,0.0,0.0,-0.632223399313,0.677477966688,0.0,0.0,0.0,0.0,-0.632223399313
1643997778.71,pass_through,0.660903704042,0.0,0.0,0.0,0.0,-0.63922003539,0.660903704042,0.0,0.0,0.0,0.0,-0.63922003539
1643997778.86,pass_through,0.6499440265,0.0,0.0,0.0,0.0,-0.607471768009,0.6499440265,0.0,0.0,0.0,0.0,-0.607471768009
1643997778.86,pass_through,0.633780865463,0.0,0.0,0.0,0.0,-0.662158700981,0.633780865463,0.0,0.0,0.0,0.0,-0.662158700981
1643997778.95,pass_through,0.623371862113,0.0,0.0,0.0,0.0,-0.709081325876,0.623371862113,0.0,0.0,0.0,0.0,-0.709081325876
1643997779.04,pass_through,0.608171945845,0.0,0.0,0.0,0.0,-0.600001714606,0.608171945845,0.0,0.0,0.0,0.0,-0.600001714606
1643997779.1,pass_through,0.592911766146,0.0,0.0,0.0,0.0,-0.589220222548,0.592911766146,0.0,0.0,0.0,0.0,-0.589220222548
1643997779.17,pass_through,0.582786314442,0.0,0.0,0.0,0.0,-0.552043942903,0.582786314442,0.0,0.0,0.0,0.0,-0.552043942903
1643997779.25,pass_through,0.572749318519,0.0,0.0,0.0,0.0,-0.584657136014,0.572749318519,0.0,0.0,0.0,0.0,-0.584657136014
1643997779.41,pass_through,0.55774241974,0.0,0.0,0.0,0.0,-0.547774189648,0.55774241974,0.0,0.0,0.0,0.0,-0.547774189648
1643997779.46,pass_through,0.542705092114,0.0,0.0,0.0,0.0,-0.482205713925,0.542705092114,0.0,0.0,0.0,0.0,-0.482205713925
1643997779.5,pass_through,0.532779233323,0.0,0.0,0.0,0.0,-0.488674229572,0.532779233323,0.0,0.0,0.0,0.0,-0.488674229572
1643997779.57,pass_through,0.522909595337,0.0,0.0,0.0,0.0,-0.449016586605,0.522909595337,0.0,0.0,0.0,0.0,-0.449016586605
1643997779.63,pass_through,0.508395329141,0.0,0.0,0.0,0.0,-0.475217232453,0.508395329141,0.0,0.0,0.0,0.0,-0.475217232453
1643997779.72,pass_through,0.498875545132,0.0,0.0,0.0,0.0,-0.447763395811,0.498875545132,0.0,0.0,0.0,0.0,-0.447763395811
1643997779.86,pass_through,0.484968844966,0.0,0.0,0.0,0.0,-0.425529163009,0.484968844966,0.0,0.0,0.0,0.0,-0.425529163009
1643997779.86,pass_through,0.475763443008,0.0,0.0,0.0,0.0,-0.36423815081,0.475763443008,0.0,0.0,0.0,0.0,-0.36423815081
1643997779.92,pass_through,0.461912467316,0.0,0.0,0.0,0.0,-0.390570617036,0.461912467316,0.0,0.0,0.0,0.0,-0.390570617036
1643997780.0,pass_through,0.453078960684,0.0,0.0,0.0,0.0,-0.388765609872,0.453078960684,0.0,0.0,0.0,0.0,-0.388765609872
1643997780.08,pass_through,0.440257923589,0.0,0.0,0.0,0.0,-0.366845767528,0.440257923589,0.0,0.0,0.0,0.0,-0.366845767528
1643997780.16,pass_through,0.431824565922,0.0,0.0,0.0,0.0,-0.377507492018,0.431824565922,0.0,0.0,0.0,0.0,-0.377507492018
1643997780.24,pass_through,0.419661890784,0.0,0.0,0.0,0.0,-0.445778925952,0.419661890784,0.0,0.0,0.0,0.0,-0.445778925952
1643997780.31,pass_through,0.411682976036,0.0,0.0,0.0,0.0,-0.4036136348,0.411682976036,0.0,0.0,0.0,0.0,-0.4036136348
1643997780.51,pass_through,0.400038072068,0.0,0.0,0.0,0.0,-0.389495843335,0.400038072068,0.0,0.0,0.0,0.0,-0.389495843335
1643997780.51,pass_through,0.392355524224,0.0,0.0,0.0,0.0,-0.389610105439,0.392355524224,0.0,0.0,0.0,0.0,-0.389610105439
1643997780.59,pass_through,0.380951416617,0.0,0.0,0.0,0.0,-0.380234175607,0.380951416617,0.0,0.0,0.0,0.0,-0.380234175607
1643997780.66,pass_through,0.373532454009,0.0,0.0,0.0,0.0,-0.34270925114,0.373532454009,0.0,0.0,0.0,0.0,-0.34270925114
1643997780.74,pass_through,0.362602701544,0.0,0.0,0.0,0.0,-0.281322145148,0.362602701544,0.0,0.0,0.0,0.0,-0.281322145148
1643997780.8,pass_through,0.355429552821,0.0,0.0,0.0,0.0,-0.286561363622,0.355429552821,0.0,0.0,0.0,0.0,-0.286561363622
1643997780.88,pass_through,0.345079729531,0.0,0.0,0.0,0.0,-0.319345084852,0.345079729531,0.0,0.0,0.0,0.0,-0.319345084852
1643997781.01,pass_through,0.338325867881,0.0,0.0,0.0,0.0,-0.265468826187,0.338325867881,0.0,0.0,0.0,0.0,-0.265468826187
1643997781.03,pass_through,0.328469928814,0.0,0.0,0.0,0.0,-0.36076014587,0.328469928814,0.0,0.0,0.0,0.0,-0.36076014587
1643997781.11,pass_through,0.321987564742,0.0,0.0,0.0,0.0,-0.290181334964,0.321987564742,0.0,0.0,0.0,0.0,-0.290181334964
1643997781.18,pass_through,0.312637515356,0.0,0.0,0.0,0.0,-0.298778911954,0.312637515356,0.0,0.0,0.0,0.0,-0.298778911954
1643997781.28,pass_through,0.306566502599,0.0,0.0,0.0,0.0,-0.322312736786,0.306566502599,0.0,0.0,0.0,0.0,-0.322312736786
1643997781.36,pass_through,0.297663722059,0.0,0.0,0.0,0.0,-0.3734167877,0.297663722059,0.0,0.0,0.0,0.0,-0.3734167877
1643997781.46,pass_through,0.291821915646,0.0,0.0,0.0,0.0,-0.335761256908,0.291821915646,0.0,0.0,0.0,0.0,-0.335761256908
1643997781.51,pass_through,0.283219876844,0.0,0.0,0.0,0.0,-0.267486224049,0.283219876844,0.0,0.0,0.0,0.0,-0.267486224049
1643997781.56,pass_through,0.277581474481,0.0,0.0,0.0,0.0,-0.304117405101,0.277581474481,0.0,0.0,0.0,0.0,-0.304117405101
1643997781.65,pass_through,0.269419395973,0.0,0.0,0.0,0.0,-0.199382090255,0.269419395973,0.0,0.0,0.0,0.0,-0.199382090255
1643997781.72,pass_through,0.264129411311,0.0,0.0,0.0,0.0,-0.216708683654,0.264129411311,0.0,0.0,0.0,0.0,-0.216708683654
1643997781.79,pass_through,0.256364131829,0.0,0.0,0.0,0.0,-0.280168227459,0.256364131829,0.0,0.0,0.0,0.0,-0.280168227459
1643997781.9,pass_through,0.251302402198,0.0,0.0,0.0,0.0,-0.264877579714,0.251302402198,0.0,0.0,0.0,0.0,-0.264877579714
1643997781.99,pass_through,0.24401969173,0.0,0.0,0.0,0.0,-0.250068910028,0.24401969173,0.0,0.0,0.0,0.0,-0.250068910028
1643997782.02,pass_through,0.239259789086,0.0,0.0,0.0,0.0,-0.183057733566,0.239259789086,0.0,0.0,0.0,0.0,-0.183057733566
1643997782.1,pass_through,0.232173789668,0.0,0.0,0.0,0.0,-0.224248262024,0.232173789668,0.0,0.0,0.0,0.0,-0.224248262024
1643997782.17,pass_through,0.227453289137,0.0,0.0,0.0,0.0,-0.22727477727,0.227453289137,0.0,0.0,0.0,0.0,-0.22727477727
1643997782.23,pass_through,0.220752195461,0.0,0.0,0.0,0.0,-0.261722267274,0.220752195461,0.0,0.0,0.0,0.0,-0.261722267274
1643997782.3,pass_through,0.216385110568,0.0,0.0,0.0,0.0,-0.277665473423,0.216385110568,0.0,0.0,0.0,0.0,-0.277665473423
1643997782.41,pass_through,0.21001804736,0.0,0.0,0.0,0.0,-0.290853688395,0.21001804736,0.0,0.0,0.0,0.0,-0.290853688395
1643997782.51,pass_through,0.20584602431,0.0,0.0,0.0,0.0,-0.233554056601,0.20584602431,0.0,0.0,0.0,0.0,-0.233554056601
1643997782.57,pass_through,0.199790943107,0.0,0.0,0.0,0.0,-0.264526329542,0.199790943107,0.0,0.0,0.0,0.0,-0.264526329542
1643997782.64,pass_through,0.195794591359,0.0,0.0,0.0,0.0,-0.26169780681,0.195794591359,0.0,0.0,0.0,0.0,-0.26169780681
1643997782.71,pass_through,0.190035030157,0.0,0.0,0.0,0.0,-0.303066023086,0.190035030157,0.0,0.0,0.0,0.0,-0.303066023086
1643997782.79,pass_through,0.186255208125,0.0,0.0,0.0,0.0,-0.302617855762,0.186255208125,0.0,0.0,0.0,0.0,-0.302617855762
1643997782.87,pass_through,0.180737288643,0.0,0.0,0.0,0.0,-0.227459752246,0.180737288643,0.0,0.0,0.0,0.0,-0.227459752246
1643997783.01,pass_through,0.177098801816,0.0,0.0,0.0,0.0,-0.276731290315,0.177098801816,0.0,0.0,0.0,0.0,-0.276731290315
1643997783.03,pass_through,0.171775791537,0.0,0.0,0.0,0.0,-0.179891370629,0.171775791537,0.0,0.0,0.0,0.0,-0.179891370629
1643997783.1,pass_through,0.168272773521,0.0,0.0,0.0,0.0,-0.17654275855,0.168272773521,0.0,0.0,0.0,0.0,-0.17654275855
1643997783.17,pass_through,0.163244105184,0.0,0.0,0.0,0.0,-0.275615982613,0.163244105184,0.0,0.0,0.0,0.0,-0.275615982613
1643997783.25,pass_through,0.159932838576,0.0,0.0,0.0,0.0,-0.289459982789,0.159932838576,0.0,0.0,0.0,0.0,-0.289459982789
1643997783.32,pass_through,0.154923070074,0.0,0.0,0.0,0.0,-0.22250978531,0.154923070074,0.0,0.0,0.0,0.0,-0.22250978531
1643997783.4,pass_through,0.15161323555,0.0,0.0,0.0,0.0,-0.230323075072,0.15161323555,0.0,0.0,0.0,0.0,-0.230323075072
1643997783.56,pass_through,0.146923143823,0.0,0.0,0.0,0.0,-0.242060973064,0.146923143823,0.0,0.0,0.0,0.0,-0.242060973064
1643997783.56,pass_through,0.135109707952,0.0,0.0,0.0,0.0,-0.261043659166,0.135109707952,0.0,0.0,0.0,0.0,-0.261043659166
1643997783.64,pass_through,0.131541840491,0.0,0.0,0.0,0.0,-0.282866461889,0.131541840491,0.0,0.0,0.0,0.0,-0.282866461889
1643997783.7,pass_through,0.129444286099,0.0,0.0,0.0,0.0,-0.255651659871,0.129444286099,0.0,0.0,0.0,0.0,-0.255651659871
1643997783.78,pass_through,0.12644542114,0.0,0.0,0.0,0.0,-0.221452214216,0.12644542114,0.0,0.0,0.0,0.0,-0.221452214216
1643997783.86,pass_through,0.124533859967,0.0,0.0,0.0,0.0,-0.259278662111,0.124533859967,0.0,0.0,0.0,0.0,-0.259278662111
1643997783.93,pass_through,0.121732446214,0.0,0.0,0.0,0.0,-0.233750678207,0.121732446214,0.0,0.0,0.0,0.0,-0.233750678207
1643997784.07,zero_velocity,0.0,0.0,0.0,0.0,0.0,-0.0,0.0,0.0,0.0,0.0,0.0,-0.0
1643997784.08,zero_velocity,0.0,0.0,0.0,0.0,0.0,-0.0,0.0,0.0,0.0,0.0,0.0,-0.0
1643997784.17,zero_velocity,0.0,0.0,0.0,0.0,0.0,-0.0,0.0,0.0,0.0,0.0,0.0,-0.0
1643997784.25,zero_velocity,0.0,0.0,0.0,0.0,0.0,-0.0,0.0,0.0,0.0,0.0,0.0,-0.0
1643997784.31,zero_velocity,0.0,0.0,0.0,0.0,0.0,-0.488526338661,0.0,0.0,0.0,0.0,0.0,-0.488526338661
1643997784.39,zero_velocity,0.0,0.0,0.0,0.0,0.0,-0.487028452063,0.0,0.0,0.0,0.0,0.0,-0.487028452063
1643997784.58,zero_velocity,0.0,0.0,0.0,0.0,0.0,-0.481878975811,0.0,0.0,0.0,0.0,0.0,-0.481878975811
1643997784.58,zero_velocity,0.0,0.0,0.0,0.0,0.0,-0.474537392562,0.0,0.0,0.0,0.0,0.0,-0.474537392562
1643997784.65,zero_velocity,0.0,0.0,0.0,0.0,0.0,-0.469361940224,0.0,0.0,0.0,0.0,0.0,-0.469361940224
1643997784.74,zero_velocity,0.0,0.0,0.0,0.0,0.0,-0.460863928294,0.0,0.0,0.0,0.0,0.0,-0.460863928294
1643997784.82,zero_velocity,0.0,0.0,0.0,0.0,0.0,-0.451743101974,0.0,0.0,0.0,0.0,0.0,-0.451743101974
1643997784.9,zero_velocity,0.0,0.0,0.0,0.0,0.0,-0.429559798205,0.0,0.0,0.0,0.0,0.0,-0.429559798205
1643997785.01,zero_velocity,0.0,0.0,0.0,0.0,0.0,-0.407777104791,0.0,0.0,0.0,0.0,0.0,-0.407777104791
1643997785.13,zero_velocity,0.0,0.0,0.0,0.0,0.0,-0.370063422073,0.0,0.0,0.0,0.0,0.0,-0.370063422073
1643997785.15,zero_velocity,0.0,0.0,0.0,0.0,0.0,-0.345474857019,0.0,0.0,0.0,0.0,0.0,-0.345474857019
1643997785.23,zero_velocity,0.0,0.0,0.0,0.0,0.0,-0.314,0.0,0.0,0.0,0.0,0.0,-0.314
1643997785.3,zero_velocity,0.0,0.0,0.0,0.0,0.0,-0.314,0.0,0.0,0.0,0.0,0.0,-0.314
1643997785.38,zero_velocity,0.0,0.0,0.0,0.0,0.0,-0.314,0.0,0.0,0.0,0.0,0.0,-0.314
1643997785.46,zero_velocity,0.0,0.0,0.0,0.0,0.0,-0.314,0.0,0.0,0.0,0.0,0.0,-0.314
1643997785.54,zero_velocity,0.0,0.0,0.0,0.0,0.0,-0.314,0.0,0.0,0.0,0.0,0.0,-0.314
1643997785.74,zero_velocity,0.0,0.0,0.0,0.0,0.0,-0.314,0.0,0.0,0.0,0.0,0.0,-0.314
1643997785.74,zero_velocity,0.0,0.0,0.0,0.0,0.0,-0.314,0.0,0.0,0.0,0.0,0.0,-0.314
1643997785.79,zero_velocity,0.0,0.0,0.0,0.0,0.0,-0.314,0.0,0.0,0.0,0.0,0.0,-0.314
1643997785.87,zero_velocity,0.0,0.0,0.0,0.0,0.0,-0.314,0.0,0.0,0.0,0.0,0.0,-0.314
1643997785.95,zero_velocity,0.0,0.0,0.0,0.0,0.0,-0.314,0.0,0.0,0.0,0.0,0.0,-0.314
1643997786.03,zero_velocity,0.0,0.0,0.0,0.0,0.0,0.0,0.0,0.0,0.0,0.0,0.0,0.0
1643997786.13,zero_velocity,0.0,0.0,0.0,0.0,0.0,0.0,0.0,0.0,0.0,0.0,0.0,0.0
1643997786.2,zero_velocity,0.0,0.0,0.0,0.0,0.0,0.0,0.0,0.0,0.0,0.0,0.0,0.0
1643997786.23,zero_velocity,0.0,0.0,0.0,0.0,0.0,0.0,0.0,0.0,0.0,0.0,0.0,0.0
1643997786.31,zero_velocity,0.0,0.0,0.0,0.0,0.0,0.0,0.0,0.0,0.0,0.0,0.0,0.0
1643997786.37,zero_velocity,0.0,0.0,0.0,0.0,0.0,0.0,0.0,0.0,0.0,0.0,0.0,0.0
1643997786.44,zero_velocity,0.0,0.0,0.0,0.0,0.0,0.0,0.0,0.0,0.0,0.0,0.0,0.0
1643997786.5,zero_velocity,0.0,0.0,0.0,0.0,0.0,0.0,0.0,0.0,0.0,0.0,0.0,0.0
1643997786.59,zero_velocity,0.0,0.0,0.0,0.0,0.0,0.0,0.0,0.0,0.0,0.0,0.0,0.0
1643997786.77,zero_velocity,0.0,0.0,0.0,0.0,0.0,0.0,0.0,0.0,0.0,0.0,0.0,0.0
1643997786.77,zero_velocity,0.0,0.0,0.0,0.0,0.0,0.0,0.0,0.0,0.0,0.0,0.0,0.0
1643997786.84,zero_velocity,0.0,0.0,0.0,0.0,0.0,0.0,0.0,0.0,0.0,0.0,0.0,0.0
1643997786.92,zero_velocity,0.0,0.0,0.0,0.0,0.0,0.0,0.0,0.0,0.0,0.0,0.0,0.0
1643997786.99,zero_velocity,0.0,0.0,0.0,0.0,0.0,0.0,0.0,0.0,0.0,0.0,0.0,0.0
1643997787.07,zero_velocity,0.0,0.0,0.0,0.0,0.0,0.0,0.0,0.0,0.0,0.0,0.0,0.0
1643997787.15,zero_velocity,0.0,0.0,0.0,0.0,0.0,0.0,0.0,0.0,0.0,0.0,0.0,0.0
1643997787.26,zero_velocity,0.0,0.0,0.0,0.0,0.0,0.0,0.0,0.0,0.0,0.0,0.0,0.0
1643997787.29,zero_velocity,0.0,0.0,0.0,0.0,0.0,0.0,0.0,0.0,0.0,0.0,0.0,0.0
1643997787.37,zero_velocity,0.0,0.0,0.0,0.0,0.0,0.0,0.0,0.0,0.0,0.0,0.0,0.0
1643997787.44,zero_velocity,0.0,0.0,0.0,0.0,0.0,0.0,0.0,0.0,0.0,0.0,0.0,0.0
1643997787.51,zero_velocity,0.0,0.0,0.0,0.0,0.0,0.0,0.0,0.0,0.0,0.0,0.0,0.0
1643997787.58,zero_velocity,0.0,0.0,0.0,0.0,0.0,0.0,0.0,0.0,0.0,0.0,0.0,0.0
1643997787.65,zero_velocity,0.0,0.0,0.0,0.0,0.0,0.0,0.0,0.0,0.0,0.0,0.0,0.0
1643997787.78,zero_velocity,0.0,0.0,0.0,0.0,0.0,0.0,0.0,0.0,0.0,0.0,0.0,0.0
1643997787.81,zero_velocity,0.0,0.0,0.0,0.0,0.0,0.0,0.0,0.0,0.0,0.0,0.0,0.0
1643997787.88,zero_velocity,0.0,0.0,0.0,0.0,0.0,0.0,0.0,0.0,0.0,0.0,0.0,0.0
1643997787.96,zero_velocity,0.0,0.0,0.0,0.0,0.0,0.0,0.0,0.0,0.0,0.0,0.0,0.0
1643997788.02,zero_velocity,0.0,0.0,0.0,0.0,0.0,0.0,0.0,0.0,0.0,0.0,0.0,0.0
1643997802.55,zero_velocity,0.0,0.0,0.0,0.0,0.0,0.0,0.0,0.0,0.0,0.0,0.0,0.0
1643997802.66,pass_through,0.1,0.0,0.0,0.0,0.0,-1.00013163305,0.1,0.0,0.0,0.0,0.0,-1.00013163305
1643997802.74,pass_through,0.1,0.0,0.0,0.0,0.0,-1.02123694494,0.1,0.0,0.0,0.0,0.0,-1.02123694494
1643997802.83,pass_through,0.576894782484,0.0,0.0,0.0,0.0,-1.57,0.576894782484,0.0,0.0,0.0,0.0,-1.57
1643997802.94,pass_through,0.594862997532,0.0,0.0,0.0,0.0,-1.57,0.594862997532,0.0,0.0,0.0,0.0,-1.57
1643997802.97,pass_through,0.810909462457,0.0,0.0,0.0,0.0,-1.57,0.810909462457,0.0,0.0,0.0,0.0,-1.57
1643997803.03,pass_through,0.812314701942,0.0,0.0,0.0,0.0,-1.57,0.812314701942,0.0,0.0,0.0,0.0,-1.57
1643997803.1,pass_through,0.81325015603,0.0,0.0,0.0,0.0,-1.51754318739,0.81325015603,0.0,0.0,0.0,0.0,-1.51754318739
1643997803.19,pass_through,0.812471110121,0.0,0.0,0.0,0.0,-1.51250040857,0.812471110121,0.0,0.0,0.0,0.0,-1.51250040857
1643997803.27,pass_through,0.810745497903,0.0,0.0,0.0,0.0,-1.41930006931,0.810745497903,0.0,0.0,0.0,0.0,-1.41930006931
1643997803.44,pass_through,0.806381561764,0.0,0.0,0.0,0.0,-1.337146102,0.806381561764,0.0,0.0,0.0,0.0,-1.337146102
1643997803.44,pass_through,0.800136017199,0.0,0.0,0.0,0.0,-1.28258291144,0.800136017199,0.0,0.0,0.0,0.0,-1.28258291144
1643997803.51,pass_through,0.794957255175,0.0,0.0,0.0,0.0,-1.14937368418,0.794957255175,0.0,0.0,0.0,0.0,-1.14937368418
1643997803.58,pass_through,0.785715057619,0.0,0.0,0.0,0.0,-1.17554431589,0.785715057619,0.0,0.0,0.0,0.0,-1.17554431589
1643997803.69,pass_through,0.778687892267,0.0,0.0,0.0,0.0,-1.097917877,0.778687892267,0.0,0.0,0.0,0.0,-1.097917877
1643997803.76,pass_through,0.767024782097,0.0,0.0,0.0,0.0,-1.02268207098,0.767024782097,0.0,0.0,0.0,0.0,-1.02268207098
1643997803.86,pass_through,0.758638439428,0.0,0.0,0.0,0.0,-0.975974930211,0.758638439428,0.0,0.0,0.0,0.0,-0.975974930211
1643997803.94,pass_through,0.745204922047,0.0,0.0,0.0,0.0,-0.945574679124,0.745204922047,0.0,0.0,0.0,0.0,-0.945574679124
1643997804.02,pass_through,0.73581220817,0.0,0.0,0.0,0.0,-0.848530264152,0.73581220817,0.0,0.0,0.0,0.0,-0.848530264152
1643997804.09,pass_through,0.721215151589,0.0,0.0,0.0,0.0,-0.814536273354,0.721215151589,0.0,0.0,0.0,0.0,-0.814536273354
1643997804.16,pass_through,0.711051656593,0.0,0.0,0.0,0.0,-0.810994794745,0.711051656593,0.0,0.0,0.0,0.0,-0.810994794745
1643997804.27,pass_through,0.70096284765,0.0,0.0,0.0,0.0,-0.755559736804,0.70096284765,0.0,0.0,0.0,0.0,-0.755559736804
1643997804.36,pass_through,0.685552628378,0.0,0.0,0.0,0.0,-0.82680927766,0.685552628378,0.0,0.0,0.0,0.0,-0.82680927766
1643997804.44,pass_through,0.670044775253,0.0,0.0,0.0,0.0,-0.763977458603,0.670044775253,0.0,0.0,0.0,0.0,-0.763977458603
1643997804.53,pass_through,0.659793662653,0.0,0.0,0.0,0.0,-0.742093974666,0.659793662653,0.0,0.0,0.0,0.0,-0.742093974666
1643997804.63,pass_through,0.644464493196,0.0,0.0,0.0,0.0,-0.731773596688,0.644464493196,0.0,0.0,0.0,0.0,-0.731773596688
1643997804.67,pass_through,0.634208052226,0.0,0.0,0.0,0.0,-0.700041375913,0.634208052226,0.0,0.0,0.0,0.0,-0.700041375913
1643997804.78,pass_through,0.618960442336,0.0,0.0,0.0,0.0,-0.636742262338,0.618960442336,0.0,0.0,0.0,0.0,-0.636742262338
1643997804.84,pass_through,0.608682946922,0.0,0.0,0.0,0.0,-0.616520153723,0.608682946922,0.0,0.0,0.0,0.0,-0.616520153723
1643997804.91,pass_through,0.593188874941,0.0,0.0,0.0,0.0,-0.655369074972,0.593188874941,0.0,0.0,0.0,0.0,-0.655369074972
1643997805.0,pass_through,0.583042966955,0.0,0.0,0.0,0.0,-0.561124365455,0.583042966955,0.0,0.0,0.0,0.0,-0.561124365455
1643997805.17,pass_through,0.567788387384,0.0,0.0,0.0,0.0,-0.513158371072,0.567788387384,0.0,0.0,0.0,0.0,-0.513158371072
1643997805.2,pass_through,0.557585739553,0.0,0.0,0.0,0.0,-0.516038242014,0.557585739553,0.0,0.0,0.0,0.0,-0.516038242014
1643997805.23,pass_through,0.542080374327,0.0,0.0,0.0,0.0,-0.518459526991,0.542080374327,0.0,0.0,0.0,0.0,-0.518459526991
1643997805.3,pass_through,0.531742701383,0.0,0.0,0.0,0.0,-0.472748078798,0.531742701383,0.0,0.0,0.0,0.0,-0.472748078798
1643997805.38,pass_through,0.517270265163,0.0,0.0,0.0,0.0,-0.454327559785,0.517270265163,0.0,0.0,0.0,0.0,-0.454327559785
1643997805.45,pass_through,0.50752513295,0.0,0.0,0.0,0.0,-0.439562788135,0.50752513295,0.0,0.0,0.0,0.0,-0.439562788135
1643997805.55,pass_through,0.493467774437,0.0,0.0,0.0,0.0,-0.464324599818,0.493467774437,0.0,0.0,0.0,0.0,-0.464324599818
1643997805.64,pass_through,0.484213843542,0.0,0.0,0.0,0.0,-0.406637423917,0.484213843542,0.0,0.0,0.0,0.0,-0.406637423917
1643997805.75,pass_through,0.475063086062,0.0,0.0,0.0,0.0,-0.445795441803,0.475063086062,0.0,0.0,0.0,0.0,-0.445795441803
1643997805.81,pass_through,0.461674992173,0.0,0.0,0.0,0.0,-0.39414631693,0.461674992173,0.0,0.0,0.0,0.0,-0.39414631693
1643997805.85,pass_through,0.448367615542,0.0,0.0,0.0,0.0,-0.399816208764,0.448367615542,0.0,0.0,0.0,0.0,-0.399816208764
1643997805.91,pass_through,0.439614512854,0.0,0.0,0.0,0.0,-0.441701106335,0.439614512854,0.0,0.0,0.0,0.0,-0.441701106335
1643997806.0,pass_through,0.427061920231,0.0,0.0,0.0,0.0,-0.400766633059,0.427061920231,0.0,0.0,0.0,0.0,-0.400766633059
1643997806.05,pass_through,0.418718428787,0.0,0.0,0.0,0.0,-0.415252039182,0.418718428787,0.0,0.0,0.0,0.0,-0.415252039182
1643997806.15,pass_through,0.406539975887,0.0,0.0,0.0,0.0,-0.376329236909,0.406539975887,0.0,0.0,0.0,0.0,-0.376329236909
1643997806.32,pass_through,0.398533702197,0.0,0.0,0.0,0.0,-0.374263697549,0.398533702197,0.0,0.0,0.0,0.0,-0.374263697549
1643997806.32,pass_through,0.38677601982,0.0,0.0,0.0,0.0,-0.317307257339,0.38677601982,0.0,0.0,0.0,0.0,-0.317307257339
1643997806.37,pass_through,0.378939655288,0.0,0.0,0.0,0.0,-0.331208818837,0.378939655288,0.0,0.0,0.0,0.0,-0.331208818837
1643997806.43,pass_through,0.367590202831,0.0,0.0,0.0,0.0,-0.250498020335,0.367590202831,0.0,0.0,0.0,0.0,-0.250498020335
1643997806.53,pass_through,0.360329188989,0.0,0.0,0.0,0.0,-0.316368200277,0.360329188989,0.0,0.0,0.0,0.0,-0.316368200277
1643997806.61,pass_through,0.349573242358,0.0,0.0,0.0,0.0,-0.255294688438,0.349573242358,0.0,0.0,0.0,0.0,-0.255294688438
1643997806.68,pass_through,0.342589823596,0.0,0.0,0.0,0.0,-0.221495040153,0.342589823596,0.0,0.0,0.0,0.0,-0.221495040153
1643997806.75,pass_through,0.332298539506,0.0,0.0,0.0,0.0,-0.27464186361,0.332298539506,0.0,0.0,0.0,0.0,-0.27464186361
1643997806.95,pass_through,0.325688257083,0.0,0.0,0.0,0.0,-0.291431076433,0.325688257083,0.0,0.0,0.0,0.0,-0.291431076433
1643997806.95,pass_through,0.315878327791,0.0,0.0,0.0,0.0,-0.244590334202,0.315878327791,0.0,0.0,0.0,0.0,-0.244590334202
1643997806.98,pass_through,0.309327600005,0.0,0.0,0.0,0.0,-0.191043085958,0.309327600005,0.0,0.0,0.0,0.0,-0.191043085958
1643997807.06,pass_through,0.30295027404,0.0,0.0,0.0,0.0,-0.219534195567,0.30295027404,0.0,0.0,0.0,0.0,-0.219534195567
1643997807.13,pass_through,0.29376374218,0.0,0.0,0.0,0.0,-0.21762832215,0.29376374218,0.0,0.0,0.0,0.0,-0.21762832215
1643997807.2,pass_through,0.28470480207,0.0,0.0,0.0,0.0,-0.24366302004,0.28470480207,0.0,0.0,0.0,0.0,-0.24366302004
1643997807.29,pass_through,0.278905723997,0.0,0.0,0.0,0.0,-0.257701046373,0.278905723997,0.0,0.0,0.0,0.0,-0.257701046373
1643997807.39,pass_through,0.270367492181,0.0,0.0,0.0,0.0,-0.216957934593,0.270367492181,0.0,0.0,0.0,0.0,-0.216957934593
1643997807.51,pass_through,0.264845359651,0.0,0.0,0.0,0.0,-0.154635661527,0.264845359651,0.0,0.0,0.0,0.0,-0.154635661527
1643997807.55,pass_through,0.256821993855,0.0,0.0,0.0,0.0,-0.219542630409,0.256821993855,0.0,0.0,0.0,0.0,-0.219542630409
1643997807.62,pass_through,0.251588604999,0.0,0.0,0.0,0.0,-0.275112352873,0.251588604999,0.0,0.0,0.0,0.0,-0.275112352873
1643997807.68,pass_through,0.243928256799,0.0,0.0,0.0,0.0,-0.198786832784,0.243928256799,0.0,0.0,0.0,0.0,-0.198786832784
1643997807.76,pass_through,0.23891955982,0.0,0.0,0.0,0.0,0.0,0.23891955982,0.0,0.0,0.0,0.0,0.0
1643997807.84,pass_through,0.231621909402,0.0,0.0,0.0,0.0,-0.0918652650557,0.231621909402,0.0,0.0,0.0,0.0,-0.0918652650557
1643997807.92,pass_through,0.226889078997,0.0,0.0,0.0,0.0,0.0,0.226889078997,0.0,0.0,0.0,0.0,0.0
1643997808.03,pass_through,0.21999186723,0.0,0.0,0.0,0.0,0.0,0.21999186723,0.0,0.0,0.0,0.0,0.0
1643997808.06,pass_through,0.192367570854,0.0,0.0,0.0,0.0,-0.0435298407254,0.192367570854,0.0,0.0,0.0,0.0,-0.0435298407254
1643997808.14,pass_through,0.210993442564,0.0,0.0,0.0,0.0,0.0,0.210993442564,0.0,0.0,0.0,0.0,0.0
1643997808.22,pass_through,0.205147580697,0.0,0.0,0.0,0.0,-0.0925078015578,0.205147580697,0.0,0.0,0.0,0.0,-0.0925078015578
1643997808.3,pass_through,0.198857854401,0.0,0.0,0.0,0.0,-0.101753342505,0.198857854401,0.0,0.0,0.0,0.0,-0.101753342505
1643997808.36,pass_through,0.175832868224,0.0,0.0,0.0,0.0,0.0,0.175832868224,0.0,0.0,0.0,0.0,0.0
1643997808.54,pass_through,0.188962886379,0.0,0.0,0.0,0.0,-0.150679041852,0.188962886379,0.0,0.0,0.0,0.0,-0.150679041852
1643997808.54,pass_through,0.185434807307,0.0,0.0,0.0,0.0,-0.15136311365,0.185434807307,0.0,0.0,0.0,0.0,-0.15136311365
1643997808.61,pass_through,0.181931523555,0.0,0.0,0.0,0.0,-0.159726222965,0.181931523555,0.0,0.0,0.0,0.0,-0.159726222965
1643997808.68,pass_through,0.176474584097,0.0,0.0,0.0,0.0,-0.112602661903,0.176474584097,0.0,0.0,0.0,0.0,-0.112602661903
1643997808.76,pass_through,0.171087456366,0.0,0.0,0.0,0.0,-0.134102038647,0.171087456366,0.0,0.0,0.0,0.0,-0.134102038647
1643997808.83,pass_through,0.167595100853,0.0,0.0,0.0,0.0,-0.127726353313,0.167595100853,0.0,0.0,0.0,0.0,-0.127726353313
1643997809.03,pass_through,0.162551946471,0.0,0.0,0.0,0.0,-0.145422681774,0.162551946471,0.0,0.0,0.0,0.0,-0.145422681774
1643997809.03,pass_through,0.159212352918,0.0,0.0,0.0,0.0,-0.155326261724,0.159212352918,0.0,0.0,0.0,0.0,-0.155326261724
1643997809.08,pass_through,0.154221494489,0.0,0.0,0.0,0.0,-0.077062316631,0.154221494489,0.0,0.0,0.0,0.0,-0.077062316631
1643997809.16,pass_through,0.130592670321,0.0,0.0,0.0,0.0,0.0,0.130592670321,0.0,0.0,0.0,0.0,0.0
1643997809.25,pass_through,0.146478567144,0.0,0.0,0.0,0.0,-0.11511480769,0.146478567144,0.0,0.0,0.0,0.0,-0.11511480769
1643997809.33,pass_through,0.143968015447,0.0,0.0,0.0,0.0,-0.0790192723078,0.143968015447,0.0,0.0,0.0,0.0,-0.0790192723078
1643997809.41,pass_through,0.139649608562,0.0,0.0,0.0,0.0,-0.155952334012,0.139649608562,0.0,0.0,0.0,0.0,-0.155952334012
1643997809.47,pass_through,0.136813141802,0.0,0.0,0.0,0.0,-0.0639762211787,0.136813141802,0.0,0.0,0.0,0.0,-0.0639762211787
1643997809.57,pass_through,0.132648556994,0.0,0.0,0.0,0.0,-0.112649239992,0.132648556994,0.0,0.0,0.0,0.0,-0.112649239992
1643997809.61,pass_through,0.129934052268,0.0,0.0,0.0,0.0,-0.11104814669,0.129934052268,0.0,0.0,0.0,0.0,-0.11104814669
1643997809.69,pass_through,0.127235111702,0.0,0.0,0.0,0.0,-0.065419972335,0.127235111702,0.0,0.0,0.0,0.0,-0.065419972335
1643997809.77,zero_velocity,0.0,0.0,0.0,0.0,0.0,-0.0,0.0,0.0,0.0,0.0,0.0,-0.0
1643997809.85,zero_velocity,0.0,0.0,0.0,0.0,0.0,-0.0,0.0,0.0,0.0,0.0,0.0,-0.0
1643997809.93,zero_velocity,0.0,0.0,0.0,0.0,0.0,-0.0,0.0,0.0,0.0,0.0,0.0,-0.0
1643997810.02,zero_velocity,0.0,0.0,0.0,0.0,0.0,1.0,0.0,0.0,0.0,0.0,0.0,1.0
1643997810.11,zero_velocity,0.0,0.0,0.0,0.0,0.0,1.0,0.0,0.0,0.0,0.0,0.0,1.0
1643997810.19,zero_velocity,0.0,0.0,0.0,0.0,0.0,1.0,0.0,0.0,0.0,0.0,0.0,1.0
1643997810.27,zero_velocity,0.0,0.0,0.0,0.0,0.0,1.0,0.0,0.0,0.0,0.0,0.0,1.0
1643997810.33,zero_velocity,0.0,0.0,0.0,0.0,0.0,1.0,0.0,0.0,0.0,0.0,0.0,1.0
1643997810.4,zero_velocity,0.0,0.0,0.0,0.0,0.0,1.0,0.0,0.0,0.0,0.0,0.0,1.0
1643997810.58,zero_velocity,0.0,0.0,0.0,0.0,0.0,1.0,0.0,0.0,0.0,0.0,0.0,1.0
1643997810.58,zero_velocity,0.0,0.0,0.0,0.0,0.0,1.0,0.0,0.0,0.0,0.0,0.0,1.0
1643997810.65,zero_velocity,0.0,0.0,0.0,0.0,0.0,1.0,0.0,0.0,0.0,0.0,0.0,1.0
1643997810.72,zero_velocity,0.0,0.0,0.0,0.0,0.0,1.0,0.0,0.0,0.0,0.0,0.0,1.0
1643997810.81,zero_velocity,0.0,0.0,0.0,0.0,0.0,1.0,0.0,0.0,0.0,0.0,0.0,1.0
1643997810.88,zero_velocity,0.0,0.0,0.0,0.0,0.0,1.0,0.0,0.0,0.0,0.0,0.0,1.0
1643997810.95,zero_velocity,0.0,0.0,0.0,0.0,0.0,1.0,0.0,0.0,0.0,0.0,0.0,1.0
1643997811.05,zero_velocity,0.0,0.0,0.0,0.0,0.0,0.976740778452,0.0,0.0,0.0,0.0,0.0,0.976740778452
1643997811.13,zero_velocity,0.0,0.0,0.0,0.0,0.0,0.933256417164,0.0,0.0,0.0,0.0,0.0,0.933256417164
1643997811.19,zero_velocity,0.0,0.0,0.0,0.0,0.0,0.906415655912,0.0,0.0,0.0,0.0,0.0,0.906415655912
1643997811.27,zero_velocity,0.0,0.0,0.0,0.0,0.0,0.865455434193,0.0,0.0,0.0,0.0,0.0,0.865455434193
1643997811.33,zero_velocity,0.0,0.0,0.0,0.0,0.0,0.837973525239,0.0,0.0,0.0,0.0,0.0,0.837973525239
1643997811.41,zero_velocity,0.0,0.0,0.0,0.0,0.0,0.801347818815,0.0,0.0,0.0,0.0,0.0,0.801347818815
1643997811.47,zero_velocity,0.0,0.0,0.0,0.0,0.0,0.776473716777,0.0,0.0,0.0,0.0,0.0,0.776473716777
1643997811.59,zero_velocity,0.0,0.0,0.0,0.0,0.0,0.748094486025,0.0,0.0,0.0,0.0,0.0,0.748094486025
1643997811.66,zero_velocity,0.0,0.0,0.0,0.0,0.0,0.697227988122,0.0,0.0,0.0,0.0,0.0,0.697227988122
1643997811.75,zero_velocity,0.0,0.0,0.0,0.0,0.0,0.637741969318,0.0,0.0,0.0,0.0,0.0,0.637741969318
1643997811.84,zero_velocity,0.0,0.0,0.0,0.0,0.0,0.600825238425,0.0,0.0,0.0,0.0,0.0,0.600825238425
1643997811.92,zero_velocity,0.0,0.0,0.0,0.0,0.0,0.552937051442,0.0,0.0,0.0,0.0,0.0,0.552937051442
1643997811.97,zero_velocity,0.0,0.0,0.0,0.0,0.0,0.526060939671,0.0,0.0,0.0,0.0,0.0,0.526060939671
1643997812.07,zero_velocity,0.0,0.0,0.0,0.0,0.0,0.507328644951,0.0,0.0,0.0,0.0,0.0,0.507328644951
1643997812.16,zero_velocity,0.0,0.0,0.0,0.0,0.0,0.500405472233,0.0,0.0,0.0,0.0,0.0,0.500405472233
1643997812.2,zero_velocity,0.0,0.0,0.0,0.0,0.0,0.500783949633,0.0,0.0,0.0,0.0,0.0,0.500783949633
1643997812.27,zero_velocity,0.0,0.0,0.0,0.0,0.0,0.498817172746,0.0,0.0,0.0,0.0,0.0,0.498817172746
1643997812.34,zero_velocity,0.0,0.0,0.0,0.0,0.0,0.489269863214,0.0,0.0,0.0,0.0,0.0,0.489269863214
1643997812.42,zero_velocity,0.0,0.0,0.0,0.0,0.0,0.477733478239,0.0,0.0,0.0,0.0,0.0,0.477733478239
1643997812.48,zero_velocity,0.0,0.0,0.0,0.0,0.0,0.452043705636,0.0,0.0,0.0,0.0,0.0,0.452043705636
1643997812.66,zero_velocity,0.0,0.0,0.0,0.0,0.0,0.429243207113,0.0,0.0,0.0,0.0,0.0,0.429243207113
1643997812.67,zero_velocity,0.0,0.0,0.0,0.0,0.0,0.393507669376,0.0,0.0,0.0,0.0,0.0,0.393507669376
1643997812.72,zero_velocity,0.0,0.0,0.0,0.0,0.0,0.370255762295,0.0,0.0,0.0,0.0,0.0,0.370255762295
1643997812.8,zero_velocity,0.0,0.0,0.0,0.0,0.0,0.339976326179,0.0,0.0,0.0,0.0,0.0,0.339976326179
1643997812.89,zero_velocity,0.0,0.0,0.0,0.0,0.0,0.32095020047,0.0,0.0,0.0,0.0,0.0,0.32095020047
1643997812.96,zero_velocity,0.0,0.0,0.0,0.0,0.0,0.314,0.0,0.0,0.0,0.0,0.0,0.314
1643997813.03,zero_velocity,0.0,0.0,0.0,0.0,0.0,0.314,0.0,0.0,0.0,0.0,0.0,0.314
1643997813.12,zero_velocity,0.0,0.0,0.0,0.0,0.0,0.314,0.0,0.0,0.0,0.0,0.0,0.314
1643997813.22,zero_velocity,0.0,0.0,0.0,0.0,0.0,0.314,0.0,0.0,0.0,0.0,0.0,0.314
1643997813.27,zero_velocity,0.0,0.0,0.0,0.0,0.0,0.314,0.0,0.0,0.0,0.0,0.0,0.314
1643997813.34,zero_velocity,0.0,0.0,0.0,0.0,0.0,0.314,0.0,0.0,0.0,0.0,0.0,0.314
1643997813.41,zero_velocity,0.0,0.0,0.0,0.0,0.0,0.314,0.0,0.0,0.0,0.0,0.0,0.314
1643997813.49,zero_velocity,0.0,0.0,0.0,0.0,0.0,0.314,0.0,0.0,0.0,0.0,0.0,0.314
1643997813.59,zero_velocity,0.0,0.0,0.0,0.0,0.0,0.314,0.0,0.0,0.0,0.0,0.0,0.314
1643997813.69,zero_velocity,0.0,0.0,0.0,0.0,0.0,0.0,0.0,0.0,0.0,0.0,0.0,0.0
1643997813.8,zero_velocity,0.0,0.0,0.0,0.0,0.0,0.0,0.0,0.0,0.0,0.0,0.0,0.0
1643997813.82,zero_velocity,0.0,0.0,0.0,0.0,0.0,0.0,0.0,0.0,0.0,0.0,0.0,0.0
1643997813.88,zero_velocity,0.0,0.0,0.0,0.0,0.0,0.0,0.0,0.0,0.0,0.0,0.0,0.0
1643997813.97,zero_velocity,0.0,0.0,0.0,0.0,0.0,0.0,0.0,0.0,0.0,0.0,0.0,0.0
1643997814.05,zero_velocity,0.0,0.0,0.0,0.0,0.0,0.0,0.0,0.0,0.0,0.0,0.0,0.0
1643997814.12,zero_velocity,0.0,0.0,0.0,0.0,0.0,0.0,0.0,0.0,0.0,0.0,0.0,0.0
1643997814.2,zero_velocity,0.0,0.0,0.0,0.0,0.0,0.0,0.0,0.0,0.0,0.0,0.0,0.0
1643997814.3,zero_velocity,0.0,0.0,0.0,0.0,0.0,0.0,0.0,0.0,0.0,0.0,0.0,0.0
1643997814.35,zero_velocity,0.0,0.0,0.0,0.0,0.0,0.0,0.0,0.0,0.0,0.0,0.0,0.0
1643997814.43,zero_velocity,0.0,0.0,0.0,0.0,0.0,0.0,0.0,0.0,0.0,0.0,0.0,0.0
1643997814.51,zero_velocity,0.0,0.0,0.0,0.0,0.0,0.0,0.0,0.0,0.0,0.0,0.0,0.0
1643997814.57,zero_velocity,0.0,0.0,0.0,0.0,0.0,0.0,0.0,0.0,0.0,0.0,0.0,0.0
1643997814.65,zero_velocity,0.0,0.0,0.0,0.0,0.0,0.0,0.0,0.0,0.0,0.0,0.0,0.0
1643997814.73,zero_velocity,0.0,0.0,0.0,0.0,0.0,0.0,0.0,0.0,0.0,0.0,0.0,0.0
1643997814.83,zero_velocity,0.0,0.0,0.0,0.0,0.0,0.0,0.0,0.0,0.0,0.0,0.0,0.0
1643997814.87,zero_velocity,0.0,0.0,0.0,0.0,0.0,0.0,0.0,0.0,0.0,0.0,0.0,0.0
1643997814.94,zero_velocity,0.0,0.0,0.0,0.0,0.0,0.0,0.0,0.0,0.0,0.0,0.0,0.0
1643997815.01,zero_velocity,0.0,0.0,0.0,0.0,0.0,0.0,0.0,0.0,0.0,0.0,0.0,0.0
1643997815.09,zero_velocity,0.0,0.0,0.0,0.0,0.0,0.0,0.0,0.0,0.0,0.0,0.0,0.0
1643997815.17,zero_velocity,0.0,0.0,0.0,0.0,0.0,0.0,0.0,0.0,0.0,0.0,0.0,0.0
1643997815.28,zero_velocity,0.0,0.0,0.0,0.0,0.0,0.0,0.0,0.0,0.0,0.0,0.0,0.0
1643997815.34,zero_velocity,0.0,0.0,0.0,0.0,0.0,0.0,0.0,0.0,0.0,0.0,0.0,0.0
1643997815.41,zero_velocity,0.0,0.0,0.0,0.0,0.0,0.0,0.0,0.0,0.0,0.0,0.0,0.0
1643997815.49,zero_velocity,0.0,0.0,0.0,0.0,0.0,0.0,0.0,0.0,0.0,0.0,0.0,0.0
1643997815.58,zero_velocity,0.0,0.0,0.0,0.0,0.0,0.0,0.0,0.0,0.0,0.0,0.0,0.0
1643997815.65,zero_velocity,0.0,0.0,0.0,0.0,0.0,0.0,0.0,0.0,0.0,0.0,0.0,0.0
1643997815.72,zero_velocity,0.0,0.0,0.0,0.0,0.0,0.0,0.0,0.0,0.0,0.0,0.0,0.0
1643997815.86,zero_velocity,0.0,0.0,0.0,0.0,0.0,0.0,0.0,0.0,0.0,0.0,0.0,0.0
1643997815.89,zero_velocity,0.0,0.0,0.0,0.0,0.0,0.0,0.0,0.0,0.0,0.0,0.0,0.0
1643997815.97,zero_velocity,0.0,0.0,0.0,0.0,0.0,0.0,0.0,0.0,0.0,0.0,0.0,0.0
1643997816.03,zero_velocity,0.0,0.0,0.0,0.0,0.0,0.0,0.0,0.0,0.0,0.0,0.0,0.0
1643997816.1,zero_velocity,0.0,0.0,0.0,0.0,0.0,0.0,0.0,0.0,0.0,0.0,0.0,0.0
1643997816.19,zero_velocity,0.0,0.0,0.0,0.0,0.0,0.0,0.0,0.0,0.0,0.0,0.0,0.0
1643997816.28,zero_velocity,0.0,0.0,0.0,0.0,0.0,0.0,0.0,0.0,0.0,0.0,0.0,0.0
1643997816.33,zero_velocity,0.0,0.0,0.0,0.0,0.0,0.0,0.0,0.0,0.0,0.0,0.0,0.0
1643997816.4,zero_velocity,0.0,0.0,0.0,0.0,0.0,0.0,0.0,0.0,0.0,0.0,0.0,0.0
1643997816.46,zero_velocity,0.0,0.0,0.0,0.0,0.0,0.0,0.0,0.0,0.0,0.0,0.0,0.0
1643997816.54,zero_velocity,0.0,0.0,0.0,0.0,0.0,0.0,0.0,0.0,0.0,0.0,0.0,0.0
1643997816.61,zero_velocity,0.0,0.0,0.0,0.0,0.0,0.0,0.0,0.0,0.0,0.0,0.0,0.0
1643997816.68,zero_velocity,0.0,0.0,0.0,0.0,0.0,0.0,0.0,0.0,0.0,0.0,0.0,0.0
1643997816.82,zero_velocity,0.0,0.0,0.0,0.0,0.0,0.0,0.0,0.0,0.0,0.0,0.0,0.0
1643997816.85,zero_velocity,0.0,0.0,0.0,0.0,0.0,0.0,0.0,0.0,0.0,0.0,0.0,0.0
1643997816.91,zero_velocity,0.0,0.0,0.0,0.0,0.0,0.0,0.0,0.0,0.0,0.0,0.0,0.0
1643997816.98,zero_velocity,0.0,0.0,0.0,0.0,0.0,0.0,0.0,0.0,0.0,0.0,0.0,0.0
1643997817.06,zero_velocity,0.0,0.0,0.0,0.0,0.0,0.0,0.0,0.0,0.0,0.0,0.0,0.0
1643997817.12,zero_velocity,0.0,0.0,0.0,0.0,0.0,0.0,0.0,0.0,0.0,0.0,0.0,0.0
1643997817.21,zero_velocity,0.0,0.0,0.0,0.0,0.0,0.0,0.0,0.0,0.0,0.0,0.0,0.0
1643997817.27,zero_velocity,0.0,0.0,0.0,0.0,0.0,0.0,0.0,0.0,0.0,0.0,0.0,0.0
1643997817.37,zero_velocity,0.0,0.0,0.0,0.0,0.0,0.0,0.0,0.0,0.0,0.0,0.0,0.0
1643997817.44,zero_velocity,0.0,0.0,0.0,0.0,0.0,0.0,0.0,0.0,0.0,0.0,0.0,0.0
1643997817.5,zero_velocity,0.0,0.0,0.0,0.0,0.0,0.0,0.0,0.0,0.0,0.0,0.0,0.0
1643997817.58,zero_velocity,0.0,0.0,0.0,0.0,0.0,0.0,0.0,0.0,0.0,0.0,0.0,0.0
1643997817.66,zero_velocity,0.0,0.0,0.0,0.0,0.0,0.0,0.0,0.0,0.0,0.0,0.0,0.0
1643997817.73,zero_velocity,0.0,0.0,0.0,0.0,0.0,0.0,0.0,0.0,0.0,0.0,0.0,0.0
1643997817.82,zero_velocity,0.0,0.0,0.0,0.0,0.0,0.0,0.0,0.0,0.0,0.0,0.0,0.0
1643997817.92,zero_velocity,0.0,0.0,0.0,0.0,0.0,0.0,0.0,0.0,0.0,0.0,0.0,0.0
1643997817.95,zero_velocity,0.0,0.0,0.0,0.0,0.0,0.0,0.0,0.0,0.0,0.0,0.0,0.0
1643997818.03,zero_velocity,0.0,0.0,0.0,0.0,0.0,0.0,0.0,0.0,0.0,0.0,0.0,0.0
1643997818.08,zero_velocity,0.0,0.0,0.0,0.0,0.0,0.0,0.0,0.0,0.0,0.0,0.0,0.0
1643997818.15,zero_velocity,0.0,0.0,0.0,0.0,0.0,0.0,0.0,0.0,0.0,0.0,0.0,0.0
1643997818.23,zero_velocity,0.0,0.0,0.0,0.0,0.0,0.0,0.0,0.0,0.0,0.0,0.0,0.0
1643997818.29,zero_velocity,0.0,0.0,0.0,0.0,0.0,0.0,0.0,0.0,0.0,0.0,0.0,0.0
1643997818.35,zero_velocity,0.0,0.0,0.0,0.0,0.0,0.0,0.0,0.0,0.0,0.0,0.0,0.0
1643997818.43,zero_velocity,0.0,0.0,0.0,0.0,0.0,0.0,0.0,0.0,0.0,0.0,0.0,0.0
1643997818.53,zero_velocity,0.0,0.0,0.0,0.0,0.0,0.0,0.0,0.0,0.0,0.0,0.0,0.0
1643997818.59,zero_velocity,0.0,0.0,0.0,0.0,0.0,0.0,0.0,0.0,0.0,0.0,0.0,0.0
1643997818.73,zero_velocity,0.0,0.0,0.0,0.0,0.0,0.0,0.0,0.0,0.0,0.0,0.0,0.0
1643997818.83,pass_through,0.499922337651,0.0,0.0,0.0,0.0,0.689630819043,0.499922337651,0.0,0.0,0.0,0.0,0.689630819043
1643997818.89,pass_through,0.499844175589,0.0,0.0,0.0,0.0,0.689679131868,0.499844175589,0.0,0.0,0.0,0.0,0.689679131868
1643997819.03,pass_through,0.931696295738,0.0,0.0,0.0,0.0,0.844403092234,0.931696295738,0.0,0.0,0.0,0.0,0.844403092234
1643997819.08,pass_through,0.974222093821,0.0,0.0,0.0,0.0,0.819239049209,0.974222093821,0.0,0.0,0.0,0.0,0.819239049209
1643997819.16,pass_through,1.17969751358,0.0,0.0,0.0,0.0,0.753608202683,1.17969751358,0.0,0.0,0.0,0.0,0.753608202683
1643997819.25,pass_through,1.49548941851,0.0,0.0,0.0,0.0,0.789010349073,1.49548941851,0.0,0.0,0.0,0.0,0.789010349073
1643997819.33,pass_through,1.60878813267,0.0,0.0,0.0,0.0,0.89651980085,1.60878813267,0.0,0.0,0.0,0.0,0.89651980085
1643997819.49,pass_through,1.71163765523,0.0,0.0,0.0,0.0,0.803726542937,1.71163765523,0.0,0.0,0.0,0.0,0.803726542937
1643997819.5,pass_through,1.67893018636,0.0,0.0,0.0,0.0,0.760281076431,1.67893018636,0.0,0.0,0.0,0.0,0.760281076431
1643997819.57,pass_through,1.65600620907,0.0,0.0,0.0,0.0,0.775813121796,1.65600620907,0.0,0.0,0.0,0.0,0.775813121796
1643997819.64,pass_through,1.61940254988,0.0,0.0,0.0,0.0,0.700970571919,1.61940254988,0.0,0.0,0.0,0.0,0.700970571919
1643997819.73,pass_through,1.5946133915,0.0,0.0,0.0,0.0,0.669036253377,1.5946133915,0.0,0.0,0.0,0.0,0.669036253377
1643997819.81,pass_through,1.55713256511,0.0,0.0,0.0,0.0,0.692754864944,1.55713256511,0.0,0.0,0.0,0.0,0.692754864944
1643997819.88,pass_through,1.5319484958,0.0,0.0,0.0,0.0,0.60347980562,1.5319484958,0.0,0.0,0.0,0.0,0.60347980562
1643997820.09,pass_through,1.49418502423,0.0,0.0,0.0,0.0,0.614463790341,1.49418502423,0.0,0.0,0.0,0.0,0.614463790341
1643997820.09,pass_through,1.46886236914,0.0,0.0,0.0,0.0,0.554510916409,1.46886236914,0.0,0.0,0.0,0.0,0.554510916409
1643997820.15,pass_through,1.43019557913,0.0,0.0,0.0,0.0,0.553929906017,1.43019557913,0.0,0.0,0.0,0.0,0.553929906017
1643997820.22,pass_through,1.40510399926,0.0,0.0,0.0,0.0,0.573328896824,1.40510399926,0.0,0.0,0.0,0.0,0.573328896824
1643997820.28,pass_through,1.36778574649,0.0,0.0,0.0,0.0,0.530686281104,1.36778574649,0.0,0.0,0.0,0.0,0.530686281104
1643997820.35,pass_through,1.34318798297,0.0,0.0,0.0,0.0,0.457437803369,1.34318798297,0.0,0.0,0.0,0.0,0.457437803369
1643997820.49,pass_through,1.30686612067,0.0,0.0,0.0,0.0,0.473667031715,1.30686612067,0.0,0.0,0.0,0.0,0.473667031715
1643997820.58,pass_through,1.28271919986,0.0,0.0,0.0,0.0,0.446704657329,1.28271919986,0.0,0.0,0.0,0.0,0.446704657329
1643997820.61,pass_through,1.24658915115,0.0,0.0,0.0,0.0,0.449357697713,1.24658915115,0.0,0.0,0.0,0.0,0.449357697713
1643997820.7,pass_through,1.22284917507,0.0,0.0,0.0,0.0,0.370074397137,1.22284917507,0.0,0.0,0.0,0.0,0.370074397137
1643997820.77,pass_through,1.18853377426,0.0,0.0,0.0,0.0,0.447498552109,1.18853377426,0.0,0.0,0.0,0.0,0.447498552109
1643997820.85,pass_through,1.16567222649,0.0,0.0,0.0,0.0,0.428818799947,1.16567222649,0.0,0.0,0.0,0.0,0.428818799947
1643997820.95,pass_through,1.13267442746,0.0,0.0,0.0,0.0,0.350460284635,1.13267442746,0.0,0.0,0.0,0.0,0.350460284635
1643997821.09,pass_through,1.11079180163,0.0,0.0,0.0,0.0,0.39018122146,1.11079180163,0.0,0.0,0.0,0.0,0.39018122146
1643997821.12,pass_through,1.07864181596,0.0,0.0,0.0,0.0,0.342019733128,1.07864181596,0.0,0.0,0.0,0.0,0.342019733128
1643997821.17,pass_through,1.0573338665,0.0,0.0,0.0,0.0,0.292371042465,1.0573338665,0.0,0.0,0.0,0.0,0.292371042465
1643997821.23,pass_through,1.02630816236,0.0,0.0,0.0,0.0,0.287382208987,1.02630816236,0.0,0.0,0.0,0.0,0.287382208987
1643997821.33,pass_through,1.00640771643,0.0,0.0,0.0,0.0,0.306969054435,1.00640771643,0.0,0.0,0.0,0.0,0.306969054435
1643997821.39,pass_through,0.976914794794,0.0,0.0,0.0,0.0,0.246468597337,0.976914794794,0.0,0.0,0.0,0.0,0.246468597337
1643997821.47,pass_through,0.95775194311,0.0,0.0,0.0,0.0,0.319578387235,0.95775194311,0.0,0.0,0.0,0.0,0.319578387235
1643997821.62,pass_through,0.929517769421,0.0,0.0,0.0,0.0,0.246897108461,0.929517769421,0.0,0.0,0.0,0.0,0.246897108461
1643997821.64,pass_through,0.911091658741,0.0,0.0,0.0,0.0,0.229829348232,0.911091658741,0.0,0.0,0.0,0.0,0.229829348232
1643997821.7,pass_through,0.883735239987,0.0,0.0,0.0,0.0,0.265317140833,0.883735239987,0.0,0.0,0.0,0.0,0.265317140833
1643997821.8,pass_through,0.866352651797,0.0,0.0,0.0,0.0,0.20896420667,0.866352651797,0.0,0.0,0.0,0.0,0.20896420667
1643997821.87,pass_through,0.840606326866,0.0,0.0,0.0,0.0,0.248603709434,0.840606326866,0.0,0.0,0.0,0.0,0.248603709434
1643997821.94,pass_through,0.823751951983,0.0,0.0,0.0,0.0,0.222997911667,0.823751951983,0.0,0.0,0.0,0.0,0.222997911667
1643997822.14,pass_through,0.799547954188,0.0,0.0,0.0,0.0,0.23431504557,0.799547954188,0.0,0.0,0.0,0.0,0.23431504557
1643997822.14,pass_through,0.783431608948,0.0,0.0,0.0,0.0,0.259233437086,0.783431608948,0.0,0.0,0.0,0.0,0.259233437086
1643997822.18,pass_through,0.759399884781,0.0,0.0,0.0,0.0,0.184437252973,0.759399884781,0.0,0.0,0.0,0.0,0.184437252973
1643997822.25,pass_through,0.743571490064,0.0,0.0,0.0,0.0,0.235978909229,0.743571490064,0.0,0.0,0.0,0.0,0.235978909229
1643997822.32,pass_through,0.721336052864,0.0,0.0,0.0,0.0,0.242394186948,0.721336052864,0.0,0.0,0.0,0.0,0.242394186948
1643997822.39,pass_through,0.707010913952,0.0,0.0,0.0,0.0,0.16119831173,0.707010913952,0.0,0.0,0.0,0.0,0.16119831173
1643997822.48,pass_through,0.692765667593,0.0,0.0,0.0,0.0,0.149406397029,0.692765667593,0.0,0.0,0.0,0.0,0.149406397029
1643997822.56,pass_through,0.671841597597,0.0,0.0,0.0,0.0,0.159741960858,0.671841597597,0.0,0.0,0.0,0.0,0.159741960858
1643997822.63,pass_through,0.651605449191,0.0,0.0,0.0,0.0,0.158112787102,0.651605449191,0.0,0.0,0.0,0.0,0.158112787102
1643997822.74,pass_through,0.638449134719,0.0,0.0,0.0,0.0,0.202298067118,0.638449134719,0.0,0.0,0.0,0.0,0.202298067118
1643997822.81,pass_through,0.619191711058,0.0,0.0,0.0,0.0,0.207604565118,0.619191711058,0.0,0.0,0.0,0.0,0.207604565118
1643997822.88,pass_through,0.606628622958,0.0,0.0,0.0,0.0,0.130749785586,0.606628622958,0.0,0.0,0.0,0.0,0.130749785586
1643997822.94,pass_through,0.58811707782,0.0,0.0,0.0,0.0,0.135128432199,0.58811707782,0.0,0.0,0.0,0.0,0.135128432199
1643997823.01,pass_through,0.576317732388,0.0,0.0,0.0,0.0,0.182018600012,0.576317732388,0.0,0.0,0.0,0.0,0.182018600012
1643997823.07,pass_through,0.558954246245,0.0,0.0,0.0,0.0,0.186975575591,0.558954246245,0.0,0.0,0.0,0.0,0.186975575591
1643997823.14,pass_through,0.547674394584,0.0,0.0,0.0,0.0,0.107044481917,0.547674394584,0.0,0.0,0.0,0.0,0.107044481917
1643997823.33,pass_through,0.531134470793,0.0,0.0,0.0,0.0,0.0918968704186,0.531134470793,0.0,0.0,0.0,0.0,0.0918968704186
1643997823.35,pass_through,0.520264860914,0.0,0.0,0.0,0.0,0.100939728712,0.520264860914,0.0,0.0,0.0,0.0,0.100939728712
1643997823.42,pass_through,0.504163681093,0.0,0.0,0.0,0.0,0.0944800902354,0.504163681093,0.0,0.0,0.0,0.0,0.0944800902354
1643997823.48,pass_through,0.493743312417,0.0,0.0,0.0,0.0,0.159608661736,0.493743312417,0.0,0.0,0.0,0.0,0.159608661736
1643997823.58,pass_through,0.478812346567,0.0,0.0,0.0,0.0,0.107756755854,0.478812346567,0.0,0.0,0.0,0.0,0.107756755854
1643997823.65,pass_through,0.468976302661,0.0,0.0,0.0,0.0,0.0596640113937,0.468976302661,0.0,0.0,0.0,0.0,0.0596640113937
1643997823.76,pass_through,0.454734194032,0.0,0.0,0.0,0.0,0.130523293818,0.454734194032,0.0,0.0,0.0,0.0,0.130523293818
1643997823.87,pass_through,0.445447463529,0.0,0.0,0.0,0.0,0.095940414424,0.445447463529,0.0,0.0,0.0,0.0,0.095940414424
1643997823.87,capping,0.444151444732,0.444151444732,0.444151444732,0.0,0.0,0.0975446276085,0.431619596048,0.0,0.0,0.0,0.0,0.0947923805369
1643997823.94,pass_through,0.422651779508,0.0,0.0,0.0,0.0,0.0963259566771,0.422651779508,0.0,0.0,0.0,0.0,0.0963259566771
1643997824.01,pass_through,0.409409423819,0.0,0.0,0.0,0.0,0.0677800629484,0.409409423819,0.0,0.0,0.0,0.0,0.0677800629484
1643997824.09,pass_through,0.401081399698,0.0,0.0,0.0,0.0,0.0580436367738,0.401081399698,0.0,0.0,0.0,0.0,0.0580436367738
1643997824.17,pass_through,0.388890338234,0.0,0.0,0.0,0.0,0.123611457254,0.388890338234,0.0,0.0,0.0,0.0,0.123611457254
1643997824.3,pass_through,0.380962088443,0.0,0.0,0.0,0.0,0.096635557319,0.380962088443,0.0,0.0,0.0,0.0,0.096635557319
1643997824.31,pass_through,0.369393229938,0.0,0.0,0.0,0.0,0.138436130787,0.369393229938,0.0,0.0,0.0,0.0,0.138436130787
1643997824.38,pass_through,0.361763158009,0.0,0.0,0.0,0.0,0.137143938557,0.361763158009,0.0,0.0,0.0,0.0,0.137143938557
1643997824.48,pass_through,0.350750512946,0.0,0.0,0.0,0.0,0.0932352427197,0.350750512946,0.0,0.0,0.0,0.0,0.0932352427197
1643997824.54,pass_through,0.343659874983,0.0,0.0,0.0,0.0,0.0998539108979,0.343659874983,0.0,0.0,0.0,0.0,0.0998539108979
1643997824.62,pass_through,0.333262507589,0.0,0.0,0.0,0.0,0.126509457434,0.333262507589,0.0,0.0,0.0,0.0,0.126509457434
1643997824.79,pass_through,0.326507082212,0.0,0.0,0.0,0.0,0.0538035113561,0.326507082212,0.0,0.0,0.0,0.0,0.0538035113561
1643997824.79,capping,0.324992424353,0.324992424353,0.324992424353,0.0,0.0,0.0,0.316577093038,0.0,0.0,0.0,0.0,0.0
1643997824.85,pass_through,0.309847934333,0.0,0.0,0.0,0.0,0.0,0.309847934333,0.0,0.0,0.0,0.0,0.0
1643997824.93,pass_through,0.300074644756,0.0,0.0,0.0,0.0,0.124156358407,0.300074644756,0.0,0.0,0.0,0.0,0.124156358407
1643997824.98,pass_through,0.293932080487,0.0,0.0,0.0,0.0,0.162528655712,0.293932080487,0.0,0.0,0.0,0.0,0.162528655712
1643997825.06,pass_through,0.285067460617,0.0,0.0,0.0,0.0,0.0,0.285067460617,0.0,0.0,0.0,0.0,0.0
1643997825.15,pass_through,0.279255329468,0.0,0.0,0.0,0.0,0.13752235433,0.279255329468,0.0,0.0,0.0,0.0,0.13752235433
1643997825.26,pass_through,0.27357446183,0.0,0.0,0.0,0.0,0.158966302045,0.27357446183,0.0,0.0,0.0,0.0,0.158966302045
1643997825.34,pass_through,0.265235660978,0.0,0.0,0.0,0.0,0.111927055215,0.265235660978,0.0,0.0,0.0,0.0,0.111927055215
1643997825.39,pass_through,0.257086953228,0.0,0.0,0.0,0.0,0.146721013282,0.257086953228,0.0,0.0,0.0,0.0,0.146721013282
1643997825.47,pass_through,0.251885895316,0.0,0.0,0.0,0.0,0.0858608413684,0.251885895316,0.0,0.0,0.0,0.0,0.0858608413684
1643997825.54,pass_through,0.244290394707,0.0,0.0,0.0,0.0,0.114212267493,0.244290394707,0.0,0.0,0.0,0.0,0.114212267493
1643997825.61,pass_through,0.239351443295,0.0,0.0,0.0,0.0,0.102185234035,0.239351443295,0.0,0.0,0.0,0.0,0.102185234035
1643997825.7,pass_through,0.205775002373,0.0,0.0,0.0,0.0,0.162633359187,0.205775002373,0.0,0.0,0.0,0.0,0.162633359187
1643997825.82,pass_through,0.227728980455,0.0,0.0,0.0,0.0,0.0839176397575,0.227728980455,0.0,0.0,0.0,0.0,0.0839176397575
1643997825.89,pass_through,0.22364955458,0.0,0.0,0.0,0.0,0.135740152315,0.22364955458,0.0,0.0,0.0,0.0,0.135740152315
1643997825.94,pass_through,0.193950575675,0.0,0.0,0.0,0.0,0.170245186181,0.193950575675,0.0,0.0,0.0,0.0,0.170245186181
1643997826.02,pass_through,0.210858187866,0.0,0.0,0.0,0.0,0.157721116747,0.210858187866,0.0,0.0,0.0,0.0,0.157721116747
1643997826.09,pass_through,0.207090493173,0.0,0.0,0.0,0.0,0.162804447507,0.207090493173,0.0,0.0,0.0,0.0,0.162804447507
1643997826.19,pass_through,0.200752033203,0.0,0.0,0.0,0.0,0.153015859817,0.200752033203,0.0,0.0,0.0,0.0,0.153015859817
1643997826.28,pass_through,0.19658811054,0.0,0.0,0.0,0.0,0.146988757347,0.19658811054,0.0,0.0,0.0,0.0,0.146988757347
1643997826.38,pass_through,0.190570714647,0.0,0.0,0.0,0.0,0.132030599211,0.190570714647,0.0,0.0,0.0,0.0,0.132030599211
1643997826.4,pass_through,0.186609585442,0.0,0.0,0.0,0.0,0.133182667588,0.186609585442,0.0,0.0,0.0,0.0,0.133182667588
1643997826.48,pass_through,0.180842871863,0.0,0.0,0.0,0.0,0.10758956561,0.180842871863,0.0,0.0,0.0,0.0,0.10758956561
1643997826.55,pass_through,0.177156705428,0.0,0.0,0.0,0.0,0.100971483086,0.177156705428,0.0,0.0,0.0,0.0,0.100971483086
1643997826.61,pass_through,0.171722642159,0.0,0.0,0.0,0.0,0.0506706539738,0.171722642159,0.0,0.0,0.0,0.0,0.0506706539738
1643997826.7,pass_through,0.168228026191,0.0,0.0,0.0,0.0,0.00939688125723,0.168228026191,0.0,0.0,0.0,0.0,0.00939688125723
1643997826.8,pass_through,0.16310047523,0.0,0.0,0.0,0.0,0.0660699490262,0.16310047523,0.0,0.0,0.0,0.0,0.0660699490262
1643997826.88,pass_through,0.159735277162,0.0,0.0,0.0,0.0,0.0552727173352,0.159735277162,0.0,0.0,0.0,0.0,0.0552727173352
1643997826.98,pass_through,0.154838136034,0.0,0.0,0.0,0.0,0.0835272069824,0.154838136034,0.0,0.0,0.0,0.0,0.0835272069824
1643997827.03,pass_through,0.15168043852,0.0,0.0,0.0,0.0,0.0685181502057,0.15168043852,0.0,0.0,0.0,0.0,0.0685181502057
1643997827.12,pass_through,0.146996413022,0.0,0.0,0.0,0.0,0.0,0.146996413022,0.0,0.0,0.0,0.0,0.0
1643997827.18,pass_through,0.143909419441,0.0,0.0,0.0,0.0,0.0583510362347,0.143909419441,0.0,0.0,0.0,0.0,0.0583510362347
1643997827.28,pass_through,0.131597802074,0.0,0.0,0.0,0.0,0.0511010244525,0.131597802074,0.0,0.0,0.0,0.0,0.0511010244525
1643997827.39,pass_through,0.129239573285,0.0,0.0,0.0,0.0,0.0564458415182,0.129239573285,0.0,0.0,0.0,0.0,0.0564458415182
1643997827.42,pass_through,0.1259667348,0.0,0.0,0.0,0.0,0.0622498575402,0.1259667348,0.0,0.0,0.0,0.0,0.0622498575402
1643997827.5,pass_through,0.123881086155,0.0,0.0,0.0,0.0,0.065757697056,0.123881086155,0.0,0.0,0.0,0.0,0.065757697056
1643997827.57,pass_through,0.120818822404,0.0,0.0,0.0,0.0,0.0671262578843,0.120818822404,0.0,0.0,0.0,0.0,0.0671262578843
1643997827.66,zero_velocity,0.0,0.0,0.0,0.0,0.0,0.0,0.0,0.0,0.0,0.0,0.0,0.0
1643997827.73,zero_velocity,0.0,0.0,0.0,0.0,0.0,0.0,0.0,0.0,0.0,0.0,0.0,0.0
1643997827.82,zero_velocity,0.0,0.0,0.0,0.0,0.0,0.0,0.0,0.0,0.0,0.0,0.0,0.0
1643997827.88,zero_velocity,0.0,0.0,0.0,0.0,0.0,-0.366789094818,0.0,0.0,0.0,0.0,0.0,-0.366789094818
1643997827.96,zero_velocity,0.0,0.0,0.0,0.0,0.0,-0.366753779536,0.0,0.0,0.0,0.0,0.0,-0.366753779536
1643997828.04,zero_velocity,0.0,0.0,0.0,0.0,0.0,-0.357047110608,0.0,0.0,0.0,0.0,0.0,-0.357047110608
1643997828.12,zero_velocity,0.0,0.0,0.0,0.0,0.0,-0.347175802474,0.0,0.0,0.0,0.0,0.0,-0.347175802474
1643997828.2,zero_velocity,0.0,0.0,0.0,0.0,0.0,-0.328175160213,0.0,0.0,0.0,0.0,0.0,-0.328175160213
1643997828.29,zero_velocity,0.0,0.0,0.0,0.0,0.0,-0.314,0.0,0.0,0.0,0.0,0.0,-0.314
1643997828.38,zero_velocity,0.0,0.0,0.0,0.0,0.0,-0.314,0.0,0.0,0.0,0.0,0.0,-0.314
1643997828.44,zero_velocity,0.0,0.0,0.0,0.0,0.0,-0.314,0.0,0.0,0.0,0.0,0.0,-0.314
1643997828.52,zero_velocity,0.0,0.0,0.0,0.0,0.0,-0.314,0.0,0.0,0.0,0.0,0.0,-0.314
1643997828.6,zero_velocity,0.0,0.0,0.0,0.0,0.0,-0.314,0.0,0.0,0.0,0.0,0.0,-0.314
1643997828.67,zero_velocity,0.0,0.0,0.0,0.0,0.0,-0.314,0.0,0.0,0.0,0.0,0.0,-0.314
1643997828.75,zero_velocity,0.0,0.0,0.0,0.0,0.0,-0.314,0.0,0.0,0.0,0.0,0.0,-0.314
1643997828.92,zero_velocity,0.0,0.0,0.0,0.0,0.0,-0.314,0.0,0.0,0.0,0.0,0.0,-0.314
1643997828.92,zero_velocity,0.0,0.0,0.0,0.0,0.0,0.0,0.0,0.0,0.0,0.0,0.0,0.0
1643997828.95,zero_velocity,0.0,0.0,0.0,0.0,0.0,0.0,0.0,0.0,0.0,0.0,0.0,0.0
1643997859.82,zero_velocity,0.0,0.0,0.0,0.0,0.0,0.0,0.0,0.0,0.0,0.0,0.0,0.0
1643997862.51,pass_through,0.1,0.0,0.0,0.0,0.0,0.79626189981,0.1,0.0,0.0,0.0,0.0,0.79626189981
1643997862.59,pass_through,0.1,0.0,0.0,0.0,0.0,0.901032318214,0.1,0.0,0.0,0.0,0.0,0.901032318214
1643997862.67,pass_through,0.1,0.0,0.0,0.0,0.0,0.893502741556,0.1,0.0,0.0,0.0,0.0,0.893502741556
1643997862.75,pass_through,0.1,0.0,0.0,0.0,0.0,0.909113009313,0.1,0.0,0.0,0.0,0.0,0.909113009313
1643997862.84,pass_through,0.1,0.0,0.0,0.0,0.0,0.896954987284,0.1,0.0,0.0,0.0,0.0,0.896954987284
1643997862.93,pass_through,0.1,0.0,0.0,0.0,0.0,0.890586953463,0.1,0.0,0.0,0.0,0.0,0.890586953463
1643997862.98,zero_velocity,0.0,0.0,0.0,0.0,0.0,0.728826969862,0.0,0.0,0.0,0.0,0.0,0.728826969862
1643997863.05,zero_velocity,0.0,0.0,0.0,0.0,0.0,-1.57,0.0,0.0,0.0,0.0,0.0,-1.57
1643997863.12,zero_velocity,0.0,0.0,0.0,0.0,0.0,-1.57,0.0,0.0,0.0,0.0,0.0,-1.57
1643997863.19,zero_velocity,0.0,0.0,0.0,0.0,0.0,-1.57,0.0,0.0,0.0,0.0,0.0,-1.57
1643997863.26,zero_velocity,0.0,0.0,0.0,0.0,0.0,-1.57,0.0,0.0,0.0,0.0,0.0,-1.57
1643997863.44,zero_velocity,0.0,0.0,0.0,0.0,0.0,-1.57,0.0,0.0,0.0,0.0,0.0,-1.57
1643997863.44,zero_velocity,0.0,0.0,0.0,0.0,0.0,-1.57,0.0,0.0,0.0,0.0,0.0,-1.57
1643997863.51,zero_velocity,0.0,0.0,0.0,0.0,0.0,-1.57,0.0,0.0,0.0,0.0,0.0,-1.57
1643997863.59,zero_velocity,0.0,0.0,0.0,0.0,0.0,-1.57,0.0,0.0,0.0,0.0,0.0,-1.57
1643997863.66,zero_velocity,0.0,0.0,0.0,0.0,0.0,-1.57,0.0,0.0,0.0,0.0,0.0,-1.57
1643997863.73,zero_velocity,0.0,0.0,0.0,0.0,0.0,-1.57,0.0,0.0,0.0,0.0,0.0,-1.57
1643997863.8,zero_velocity,0.0,0.0,0.0,0.0,0.0,-1.50545871584,0.0,0.0,0.0,0.0,0.0,-1.50545871584
1643997863.88,zero_velocity,0.0,0.0,0.0,0.0,0.0,-1.57,0.0,0.0,0.0,0.0,0.0,-1.57
1643997863.95,zero_velocity,0.0,0.0,0.0,0.0,0.0,-1.57,0.0,0.0,0.0,0.0,0.0,-1.57
1643997864.04,zero_velocity,0.0,0.0,0.0,0.0,0.0,-1.57,0.0,0.0,0.0,0.0,0.0,-1.57
1643997864.12,zero_velocity,0.0,0.0,0.0,0.0,0.0,-1.57,0.0,0.0,0.0,0.0,0.0,-1.57
1643997864.2,zero_velocity,0.0,0.0,0.0,0.0,0.0,-1.52161560259,0.0,0.0,0.0,0.0,0.0,-1.52161560259
1643997864.27,zero_velocity,0.0,0.0,0.0,0.0,0.0,-1.37433581704,0.0,0.0,0.0,0.0,0.0,-1.37433581704
1643997864.37,zero_velocity,0.0,0.0,0.0,0.0,0.0,-1.42834201512,0.0,0.0,0.0,0.0,0.0,-1.42834201512
1643997864.45,zero_velocity,0.0,0.0,0.0,0.0,0.0,-1.39452418779,0.0,0.0,0.0,0.0,0.0,-1.39452418779
1643997864.53,capping,0.282727774833,0.282727774833,0.282727774833,0.0,0.0,-1.04940237997,0.422986087091,0.0,0.0,0.0,0.0,-1.57
1643997864.6,pass_through,0.341002158085,0.0,0.0,0.0,0.0,-1.57,0.341002158085,0.0,0.0,0.0,0.0,-1.57
1643997864.68,capping,0.620782686875,0.620782686875,0.620782686875,0.0,0.0,-1.41834784303,0.687157824636,0.0,0.0,0.0,0.0,-1.57
1643997864.75,pass_through,0.667735190392,0.0,0.0,0.0,0.0,-1.57,0.667735190392,0.0,0.0,0.0,0.0,-1.57
1643997864.86,capping,1.02855542448,1.02855542448,1.02855542448,0.0,0.0,-1.4335190929,1.12648099661,0.0,0.0,0.0,0.0,-1.57
1643997864.96,pass_through,1.16971933842,0.0,0.0,0.0,0.0,-1.57,1.16971933842,0.0,0.0,0.0,0.0,-1.57
1643997865.06,pass_through,1.30201941729,0.0,0.0,0.0,0.0,-1.57,1.30201941729,0.0,0.0,0.0,0.0,-1.57
1643997865.09,capping,1.42959401758,1.42959401758,1.42959401758,0.0,0.0,-1.47490958311,1.5217628479,0.0,0.0,0.0,0.0,-1.57
1643997865.18,pass_through,1.5439568758,0.0,0.0,0.0,0.0,-1.57,1.5439568758,0.0,0.0,0.0,0.0,-1.57
1643997865.24,pass_through,1.73625135422,0.0,0.0,0.0,0.0,-1.57,1.73625135422,0.0,0.0,0.0,0.0,-1.57
1643997865.31,pass_through,1.89679586887,0.0,0.0,0.0,0.0,-1.57,1.89679586887,0.0,0.0,0.0,0.0,-1.57
1643997865.38,pass_through,1.94720226835,0.0,0.0,0.0,0.0,-1.57,1.94720226835,0.0,0.0,0.0,0.0,-1.57
1643997865.45,pass_through,1.9586855131,0.0,0.0,0.0,0.0,-1.57,1.9586855131,0.0,0.0,0.0,0.0,-1.57
1643997865.52,pass_through,1.96389950796,0.0,0.0,0.0,0.0,-1.57,1.96389950796,0.0,0.0,0.0,0.0,-1.57
1643997865.61,pass_through,1.96691123337,0.0,0.0,0.0,0.0,-1.57,1.96691123337,0.0,0.0,0.0,0.0,-1.57
1643997865.68,capping,1.91309142294,1.91309142294,1.91309142294,0.0,0.0,-1.45002610378,1.96590653531,0.0,0.0,0.0,0.0,-1.49005727567
1643997865.76,capping,1.91309142294,1.91309142294,1.91309142294,0.0,0.0,-1.34306031531,1.95896039668,0.0,0.0,0.0,0.0,-1.3752620165
1643997865.83,capping,1.91309142294,1.91309142294,1.91309142294,0.0,0.0,-1.18809348338,1.95063838196,0.0,0.0,0.0,0.0,-1.21141139532
1643997865.93,capping,1.91309142294,1.91309142294,1.91309142294,0.0,0.0,-1.13810605955,1.94013194982,0.0,0.0,0.0,0.0,-1.15419258168
1643997866.03,capping,1.91309142294,1.91309142294,1.91309142294,0.0,0.0,-1.07545303621,1.92031296407,0.0,0.0,0.0,0.0,-1.07951265837
1643997866.16,pass_through,1.90487468542,0.0,0.0,0.0,0.0,-1.04055211092,1.90487468542,0.0,0.0,0.0,0.0,-1.04055211092
1643997866.2,pass_through,1.87867705628,0.0,0.0,0.0,0.0,-1.00837124674,1.87867705628,0.0,0.0,0.0,0.0,-1.00837124674
1643997866.26,pass_through,1.84894630107,0.0,0.0,0.0,0.0,-0.958956755588,1.84894630107,0.0,0.0,0.0,0.0,-0.958956755588
1643997866.36,pass_through,1.82758761278,0.0,0.0,0.0,0.0,-0.886687466471,1.82758761278,0.0,0.0,0.0,0.0,-0.886687466471
1643997866.45,pass_through,1.80520547167,0.0,0.0,0.0,0.0,-0.868275783438,1.80520547167,0.0,0.0,0.0,0.0,-0.868275783438
1643997866.65,pass_through,1.77015550518,0.0,0.0,0.0,0.0,-0.821803757517,1.77015550518,0.0,0.0,0.0,0.0,-0.821803757517
1643997866.65,pass_through,1.73304984762,0.0,0.0,0.0,0.0,-0.803640249403,1.73304984762,0.0,0.0,0.0,0.0,-0.803640249403
1643997866.67,pass_through,1.70761606803,0.0,0.0,0.0,0.0,-0.773063028988,1.70761606803,0.0,0.0,0.0,0.0,-0.773063028988
1643997866.76,pass_through,1.66901830645,0.0,0.0,0.0,0.0,-0.780387327295,1.66901830645,0.0,0.0,0.0,0.0,-0.780387327295
1643997866.84,pass_through,1.64334142388,0.0,0.0,0.0,0.0,-0.727132019871,1.64334142388,0.0,0.0,0.0,0.0,-0.727132019871
1643997866.94,pass_through,1.60545198552,0.0,0.0,0.0,0.0,-0.734912396481,1.60545198552,0.0,0.0,0.0,0.0,-0.734912396481
1643997867.01,pass_through,1.58006860426,0.0,0.0,0.0,0.0,-0.648606157617,1.58006860426,0.0,0.0,0.0,0.0,-0.648606157617
1643997867.08,pass_through,1.54233705698,0.0,0.0,0.0,0.0,-0.683371013717,1.54233705698,0.0,0.0,0.0,0.0,-0.683371013717
1643997867.23,pass_through,1.51756712389,0.0,0.0,0.0,0.0,-0.651840574114,1.51756712389,0.0,0.0,0.0,0.0,-0.651840574114
1643997867.25,pass_through,1.49287581024,0.0,0.0,0.0,0.0,-0.61981890691,1.49287581024,0.0,0.0,0.0,0.0,-0.61981890691
1643997867.34,pass_through,1.45523699385,0.0,0.0,0.0,0.0,-0.612990404305,1.45523699385,0.0,0.0,0.0,0.0,-0.612990404305
1643997867.4,pass_through,1.41756783718,0.0,0.0,0.0,0.0,-0.562558584966,1.41756783718,0.0,0.0,0.0,0.0,-0.562558584966
1643997867.49,pass_through,1.39270388445,0.0,0.0,0.0,0.0,-0.571586520923,1.39270388445,0.0,0.0,0.0,0.0,-0.571586520923
1643997867.56,pass_through,1.3558733761,0.0,0.0,0.0,0.0,-0.502953441018,1.3558733761,0.0,0.0,0.0,0.0,-0.502953441018
1643997867.69,pass_through,1.33131994565,0.0,0.0,0.0,0.0,-0.493313858258,1.33131994565,0.0,0.0,0.0,0.0,-0.493313858258
1643997867.72,pass_through,1.29486378056,0.0,0.0,0.0,0.0,-0.467107587614,1.29486378056,0.0,0.0,0.0,0.0,-0.467107587614
1643997867.81,pass_through,1.27106952767,0.0,0.0,0.0,0.0,-0.460803640391,1.27106952767,0.0,0.0,0.0,0.0,-0.460803640391
1643997867.91,pass_through,1.24762332363,0.0,0.0,0.0,0.0,-0.44799832595,1.24762332363,0.0,0.0,0.0,0.0,-0.44799832595
1643997867.98,pass_through,1.21268972391,0.0,0.0,0.0,0.0,-0.479315034653,1.21268972391,0.0,0.0,0.0,0.0,-0.479315034653
1643997868.05,pass_through,1.18988300786,0.0,0.0,0.0,0.0,-0.446437857653,1.18988300786,0.0,0.0,0.0,0.0,-0.446437857653
1643997868.13,pass_through,1.15617669837,0.0,0.0,0.0,0.0,-0.456324163111,1.15617669837,0.0,0.0,0.0,0.0,-0.456324163111
1643997868.31,pass_through,1.12322693057,0.0,0.0,0.0,0.0,-0.360333366896,1.12322693057,0.0,0.0,0.0,0.0,-0.360333366896
1643997868.31,capping,1.11175223953,1.11175223953,1.11175223953,0.0,0.0,-0.328486224878,1.10134246379,0.0,0.0,0.0,0.0,-0.325410478492
1643997868.37,pass_through,1.06878813344,0.0,0.0,0.0,0.0,-0.356509141232,1.06878813344,0.0,0.0,0.0,0.0,-0.356509141232
1643997868.45,pass_through,1.04771795799,0.0,0.0,0.0,0.0,-0.391319892908,1.04771795799,0.0,0.0,0.0,0.0,-0.391319892908
1643997868.51,pass_through,1.02711444121,0.0,0.0,0.0,0.0,-0.310732835218,1.02711444121,0.0,0.0,0.0,0.0,-0.310732835218
1643997868.57,pass_through,0.997203944327,0.0,0.0,0.0,0.0,-0.344379120751,0.997203944327,0.0,0.0,0.0,0.0,-0.344379120751
1643997868.64,pass_through,0.977395739455,0.0,0.0,0.0,0.0,-0.254463040515,0.977395739455,0.0,0.0,0.0,0.0,-0.254463040515
1643997868.75,pass_through,0.94862279893,0.0,0.0,0.0,0.0,-0.304713793491,0.94862279893,0.0,0.0,0.0,0.0,-0.304713793491
1643997868.89,pass_through,0.920234008472,0.0,0.0,0.0,0.0,-0.308081157898,0.920234008472,0.0,0.0,0.0,0.0,-0.308081157898
1643997868.91,pass_through,0.90171216624,0.0,0.0,0.0,0.0,-0.316622294878,0.90171216624,0.0,0.0,0.0,0.0,-0.316622294878
1643997868.97,pass_through,0.87427114264,0.0,0.0,0.0,0.0,-0.216558032914,0.87427114264,0.0,0.0,0.0,0.0,-0.216558032914
1643997869.04,pass_through,0.856500805007,0.0,0.0,0.0,0.0,-0.260437065049,0.856500805007,0.0,0.0,0.0,0.0,-0.260437065049
1643997869.1,pass_through,0.839235446214,0.0,0.0,0.0,0.0,-0.225408681129,0.839235446214,0.0,0.0,0.0,0.0,-0.225408681129
1643997869.17,pass_through,0.814118602879,0.0,0.0,0.0,0.0,-0.186009013339,0.814118602879,0.0,0.0,0.0,0.0,-0.186009013339
1643997869.24,pass_through,0.797569074918,0.0,0.0,0.0,0.0,-0.217977352832,0.797569074918,0.0,0.0,0.0,0.0,-0.217977352832
1643997869.34,pass_through,0.77337021776,0.0,0.0,0.0,0.0,-0.23739949653,0.77337021776,0.0,0.0,0.0,0.0,-0.23739949653
1643997869.43,pass_through,0.757682321633,0.0,0.0,0.0,0.0,-0.134562247678,0.757682321633,0.0,0.0,0.0,0.0,-0.134562247678
1643997869.52,pass_through,0.734632988089,0.0,0.0,0.0,0.0,-0.198724486326,0.734632988089,0.0,0.0,0.0,0.0,-0.198724486326
1643997869.59,pass_through,0.712187358112,0.0,0.0,0.0,0.0,-0.140057333206,0.712187358112,0.0,0.0,0.0,0.0,-0.140057333206
1643997869.65,pass_through,0.697687724202,0.0,0.0,0.0,0.0,-0.108762615605,0.697687724202,0.0,0.0,0.0,0.0,-0.108762615605
1643997869.74,pass_through,0.676514789715,0.0,0.0,0.0,0.0,-0.113028206323,0.676514789715,0.0,0.0,0.0,0.0,-0.113028206323
1643997869.81,pass_through,0.662878029831,0.0,0.0,0.0,0.0,-0.194584749247,0.662878029831,0.0,0.0,0.0,0.0,-0.194584749247
1643997869.91,pass_through,0.649440612813,0.0,0.0,0.0,0.0,-0.0961836505877,0.649440612813,0.0,0.0,0.0,0.0,-0.0961836505877
1643997869.99,pass_through,0.629685712969,0.0,0.0,0.0,0.0,-0.123049550151,0.629685712969,0.0,0.0,0.0,0.0,-0.123049550151
1643997870.04,pass_through,0.61033612198,0.0,0.0,0.0,0.0,-0.173603243734,0.61033612198,0.0,0.0,0.0,0.0,-0.173603243734
1643997870.16,pass_through,0.597884671558,0.0,0.0,0.0,0.0,-0.170466526951,0.597884671558,0.0,0.0,0.0,0.0,-0.170466526951
1643997870.22,pass_through,0.579637990353,0.0,0.0,0.0,0.0,-0.167333609964,0.579637990353,0.0,0.0,0.0,0.0,-0.167333609964
1643997870.31,pass_through,0.568025604125,0.0,0.0,0.0,0.0,-0.137728550226,0.568025604125,0.0,0.0,0.0,0.0,-0.137728550226
1643997870.38,pass_through,0.550972027963,0.0,0.0,0.0,0.0,-0.177692778016,0.550972027963,0.0,0.0,0.0,0.0,-0.177692778016
1643997870.47,pass_through,0.539914186724,0.0,0.0,0.0,0.0,-0.107476421093,0.539914186724,0.0,0.0,0.0,0.0,-0.107476421093
1643997870.54,pass_through,0.529078641564,0.0,0.0,0.0,0.0,-0.146635704135,0.529078641564,0.0,0.0,0.0,0.0,-0.146635704135
1643997870.62,pass_through,0.513043232496,0.0,0.0,0.0,0.0,-0.157599523271,0.513043232496,0.0,0.0,0.0,0.0,-0.157599523271
1643997870.77,pass_through,0.497504087954,0.0,0.0,0.0,0.0,-0.0839661587226,0.497504087954,0.0,0.0,0.0,0.0,-0.0839661587226
1643997870.78,pass_through,0.487431768487,0.0,0.0,0.0,0.0,-0.183970935251,0.487431768487,0.0,0.0,0.0,0.0,-0.183970935251
1643997870.85,pass_through,0.472623580083,0.0,0.0,0.0,0.0,-0.147098332251,0.472623580083,0.0,0.0,0.0,0.0,-0.147098332251
1643997870.91,pass_through,0.462990214453,0.0,0.0,0.0,0.0,-0.0780485052811,0.462990214453,0.0,0.0,0.0,0.0,-0.0780485052811
1643997871.0,pass_through,0.449060597926,0.0,0.0,0.0,0.0,-0.081205867623,0.449060597926,0.0,0.0,0.0,0.0,-0.081205867623
1643997871.07,pass_through,0.440005159481,0.0,0.0,0.0,0.0,-0.113966334219,0.440005159481,0.0,0.0,0.0,0.0,-0.113966334219
1643997871.14,pass_through,0.426871439839,0.0,0.0,0.0,0.0,-0.114867623503,0.426871439839,0.0,0.0,0.0,0.0,-0.114867623503
1643997871.21,pass_through,0.418293475439,0.0,0.0,0.0,0.0,-0.159408531691,0.418293475439,0.0,0.0,0.0,0.0,-0.159408531691
1643997871.43,capping,0.495540223587,0.495540223587,0.495540223587,0.0,0.0,-0.124497033884,0.409958296688,0.0,0.0,0.0,0.0,-0.10299586093
1643997871.43,pass_through,0.397768201144,0.0,0.0,0.0,0.0,-0.0736133295454,0.397768201144,0.0,0.0,0.0,0.0,-0.0736133295454
1643997871.44,pass_through,0.385324721457,0.0,0.0,0.0,0.0,-0.0985358263317,0.385324721457,0.0,0.0,0.0,0.0,-0.0985358263317
1643997871.52,pass_through,0.377178952531,0.0,0.0,0.0,0.0,-0.171255405747,0.377178952531,0.0,0.0,0.0,0.0,-0.171255405747
1643997871.61,pass_through,0.365959404719,0.0,0.0,0.0,0.0,-0.117266081666,0.365959404719,0.0,0.0,0.0,0.0,-0.117266081666
1643997871.69,pass_through,0.358612787738,0.0,0.0,0.0,0.0,-0.141265638565,0.358612787738,0.0,0.0,0.0,0.0,-0.141265638565
1643997871.76,pass_through,0.34790111032,0.0,0.0,0.0,0.0,-0.0911834765422,0.34790111032,0.0,0.0,0.0,0.0,-0.0911834765422
1643997871.91,pass_through,0.340936402032,0.0,0.0,0.0,0.0,-0.145655765737,0.340936402032,0.0,0.0,0.0,0.0,-0.145655765737
1643997871.95,pass_through,0.33409117802,0.0,0.0,0.0,0.0,-0.0490963313925,0.33409117802,0.0,0.0,0.0,0.0,-0.0490963313925
1643997872.04,pass_through,0.324066186224,0.0,0.0,0.0,0.0,-0.0583233315694,0.324066186224,0.0,0.0,0.0,0.0,-0.0583233315694
1643997872.1,pass_through,0.314294006809,0.0,0.0,0.0,0.0,-0.0840342860473,0.314294006809,0.0,0.0,0.0,0.0,-0.0840342860473
1643997872.18,pass_through,0.30798776164,0.0,0.0,0.0,0.0,-0.0837025452209,0.30798776164,0.0,0.0,0.0,0.0,-0.0837025452209
1643997872.27,pass_through,0.301783350196,0.0,0.0,0.0,0.0,-0.0925710979653,0.301783350196,0.0,0.0,0.0,0.0,-0.0925710979653
1643997872.4,pass_through,0.292702522694,0.0,0.0,0.0,0.0,-0.116147018577,0.292702522694,0.0,0.0,0.0,0.0,-0.116147018577
1643997872.46,pass_through,0.283820515094,0.0,0.0,0.0,0.0,-0.0276064057099,0.283820515094,0.0,0.0,0.0,0.0,-0.0276064057099
1643997872.48,pass_through,0.278108286402,0.0,0.0,0.0,0.0,-0.0393189866292,0.278108286402,0.0,0.0,0.0,0.0,-0.0393189866292
1643997872.57,pass_through,0.26974692637,0.0,0.0,0.0,0.0,-0.124634130613,0.26974692637,0.0,0.0,0.0,0.0,-0.124634130613
1643997872.63,pass_through,0.264391286116,0.0,0.0,0.0,0.0,-0.129994881094,0.264391286116,0.0,0.0,0.0,0.0,-0.129994881094
1643997872.71,pass_through,0.259167860116,0.0,0.0,0.0,0.0,-0.127706496731,0.259167860116,0.0,0.0,0.0,0.0,-0.127706496731
1643997872.76,pass_through,0.251503393371,0.0,0.0,0.0,0.0,-0.0968985434033,0.251503393371,0.0,0.0,0.0,0.0,-0.0968985434033
1643997872.85,pass_through,0.243802344496,0.0,0.0,0.0,0.0,-0.134117784665,0.243802344496,0.0,0.0,0.0,0.0,-0.134117784665
1643997872.98,pass_through,0.238912954904,0.0,0.0,0.0,0.0,-0.0671355906678,0.238912954904,0.0,0.0,0.0,0.0,-0.0671355906678
1643997873.01,pass_through,0.23174227164,0.0,0.0,0.0,0.0,-0.113443385418,0.23174227164,0.0,0.0,0.0,0.0,-0.113443385418
1643997873.08,pass_through,0.226957417995,0.0,0.0,0.0,0.0,-0.120106741394,0.226957417995,0.0,0.0,0.0,0.0,-0.120106741394
1643997873.15,pass_through,0.220218334669,0.0,0.0,0.0,0.0,-0.0522277955162,0.220218334669,0.0,0.0,0.0,0.0,-0.0522277955162
1643997873.22,pass_through,0.215790255647,0.0,0.0,0.0,0.0,-0.127887397612,0.215790255647,0.0,0.0,0.0,0.0,-0.127887397612
1643997873.28,pass_through,0.2093485809,0.0,0.0,0.0,0.0,-0.0810947488797,0.2093485809,0.0,0.0,0.0,0.0,-0.0810947488797
1643997873.37,pass_through,0.205121453001,0.0,0.0,0.0,0.0,-0.0555082712519,0.205121453001,0.0,0.0,0.0,0.0,-0.0555082712519
1643997873.51,capping,0.44001610311,0.44001610311,0.44001610311,0.0,0.0,-0.254927817356,0.198972716429,0.0,0.0,0.0,0.0,-0.11527687272
1643997873.55,capping,0.243393948874,0.243393948874,0.243393948874,0.0,0.0,-0.116311854501,0.194987342801,0.0,0.0,0.0,0.0,-0.093179553355
1643997873.66,capping,0.267472956797,0.267472956797,0.267472956797,0.0,0.0,0.0,0.186262139009,0.0,0.0,0.0,0.0,0.0
1643997873.72,pass_through,0.181440507569,0.0,0.0,0.0,0.0,0.0,0.181440507569,0.0,0.0,0.0,0.0,0.0
1643997873.8,capping,0.215880468001,0.215880468001,0.215880468001,0.0,0.0,0.0,0.174332029942,0.0,0.0,0.0,0.0,0.0
1643997873.9,capping,0.205303086679,0.205303086679,0.205303086679,0.0,0.0,0.0,0.17046019383,0.0,0.0,0.0,0.0,0.0
1643997874.02,capping,0.369450671671,0.369450671671,0.369450671671,0.0,0.0,0.0,0.166326830674,0.0,0.0,0.0,0.0,0.0
1643997874.04,capping,0.293073030569,0.293073030569,0.293073030569,0.0,0.0,0.0,0.16016977734,0.0,0.0,0.0,0.0,0.0
1643997874.12,pass_through,0.153310002791,0.0,0.0,0.0,0.0,0.0,0.153310002791,0.0,0.0,0.0,0.0,0.0
1643997874.2,capping,0.215607342366,0.215607342366,0.215607342366,0.0,0.0,0.0,0.14839616162,0.0,0.0,0.0,0.0,0.0
1643997874.29,capping,0.208288994641,0.208288994641,0.208288994641,0.0,0.0,0.0,0.143119833658,0.0,0.0,0.0,0.0,0.0
1643997874.38,capping,0.164032705447,0.164032705447,0.164032705447,0.0,0.0,0.0,0.139057719797,0.0,0.0,0.0,0.0,0.0
1643997874.48,capping,0.257578692863,0.257578692863,0.257578692863,0.0,0.0,-0.101200292367,0.126593926088,0.0,0.0,0.0,0.0,-0.049737585782
1643997874.57,pass_through,0.123964497918,0.0,0.0,0.0,0.0,0.0,0.123964497918,0.0,0.0,0.0,0.0,0.0
1643997874.6,zero_velocity,0.0,0.0,0.0,0.0,0.0,-0.0,0.0,0.0,0.0,0.0,0.0,-0.0
1643997874.69,zero_velocity,0.0,0.0,0.0,0.0,0.0,-0.0,0.0,0.0,0.0,0.0,0.0,-0.0
1643997874.78,zero_velocity,0.0,0.0,0.0,0.0,0.0,-0.0,0.0,0.0,0.0,0.0,0.0,-0.0
1643997874.85,zero_velocity,0.0,0.0,0.0,0.0,0.0,1.0,0.0,0.0,0.0,0.0,0.0,1.0
1643997874.93,zero_velocity,0.0,0.0,0.0,0.0,0.0,1.0,0.0,0.0,0.0,0.0,0.0,1.0
1643997875.08,zero_velocity,0.0,0.0,0.0,0.0,0.0,1.0,0.0,0.0,0.0,0.0,0.0,1.0
1643997875.08,zero_velocity,0.0,0.0,0.0,0.0,0.0,1.0,0.0,0.0,0.0,0.0,0.0,1.0
1643997875.17,zero_velocity,0.0,0.0,0.0,0.0,0.0,1.0,0.0,0.0,0.0,0.0,0.0,1.0
1643997875.26,zero_velocity,0.0,0.0,0.0,0.0,0.0,1.0,0.0,0.0,0.0,0.0,0.0,1.0
1643997875.33,zero_velocity,0.0,0.0,0.0,0.0,0.0,1.0,0.0,0.0,0.0,0.0,0.0,1.0
1643997875.41,zero_velocity,0.0,0.0,0.0,0.0,0.0,0.995592086086,0.0,0.0,0.0,0.0,0.0,0.995592086086
1643997875.53,zero_velocity,0.0,0.0,0.0,0.0,0.0,0.941644584741,0.0,0.0,0.0,0.0,0.0,0.941644584741
1643997875.59,zero_velocity,0.0,0.0,0.0,0.0,0.0,0.861117042403,0.0,0.0,0.0,0.0,0.0,0.861117042403
1643997875.63,zero_velocity,0.0,0.0,0.0,0.0,0.0,0.807546541936,0.0,0.0,0.0,0.0,0.0,0.807546541936
1643997875.72,zero_velocity,0.0,0.0,0.0,0.0,0.0,0.757974455492,0.0,0.0,0.0,0.0,0.0,0.757974455492
1643997875.79,zero_velocity,0.0,0.0,0.0,0.0,0.0,0.691112454911,0.0,0.0,0.0,0.0,0.0,0.691112454911
1643997875.88,zero_velocity,0.0,0.0,0.0,0.0,0.0,0.650204220035,0.0,0.0,0.0,0.0,0.0,0.650204220035
1643997875.95,zero_velocity,0.0,0.0,0.0,0.0,0.0,0.594339011323,0.0,0.0,0.0,0.0,0.0,0.594339011323
1643997876.04,zero_velocity,0.0,0.0,0.0,0.0,0.0,0.559792004964,0.0,0.0,0.0,0.0,0.0,0.559792004964
1643997876.16,zero_velocity,0.0,0.0,0.0,0.0,0.0,0.51273409604,0.0,0.0,0.0,0.0,0.0,0.51273409604
1643997876.2,zero_velocity,0.0,0.0,0.0,0.0,0.0,0.470264349113,0.0,0.0,0.0,0.0,0.0,0.470264349113
1643997876.28,zero_velocity,0.0,0.0,0.0,0.0,0.0,0.445800992013,0.0,0.0,0.0,0.0,0.0,0.445800992013
1643997876.36,zero_velocity,0.0,0.0,0.0,0.0,0.0,0.426963299557,0.0,0.0,0.0,0.0,0.0,0.426963299557
1643997876.43,zero_velocity,0.0,0.0,0.0,0.0,0.0,0.4112203157,0.0,0.0,0.0,0.0,0.0,0.4112203157
1643997876.51,zero_velocity,0.0,0.0,0.0,0.0,0.0,0.404653497645,0.0,0.0,0.0,0.0,0.0,0.404653497645
1643997876.59,zero_velocity,0.0,0.0,0.0,0.0,0.0,0.397004376017,0.0,0.0,0.0,0.0,0.0,0.397004376017
1643997876.66,zero_velocity,0.0,0.0,0.0,0.0,0.0,0.38800182658,0.0,0.0,0.0,0.0,0.0,0.38800182658
1643997876.78,zero_velocity,0.0,0.0,0.0,0.0,0.0,0.383098013599,0.0,0.0,0.0,0.0,0.0,0.383098013599
1643997876.84,zero_velocity,0.0,0.0,0.0,0.0,0.0,0.378272747609,0.0,0.0,0.0,0.0,0.0,0.378272747609
1643997876.9,zero_velocity,0.0,0.0,0.0,0.0,0.0,0.369682884686,0.0,0.0,0.0,0.0,0.0,0.369682884686
1643997876.98,zero_velocity,0.0,0.0,0.0,0.0,0.0,0.362821744916,0.0,0.0,0.0,0.0,0.0,0.362821744916
1643997877.05,zero_velocity,0.0,0.0,0.0,0.0,0.0,0.357373155154,0.0,0.0,0.0,0.0,0.0,0.357373155154
1643997877.12,zero_velocity,0.0,0.0,0.0,0.0,0.0,0.348567198084,0.0,0.0,0.0,0.0,0.0,0.348567198084
1643997877.19,zero_velocity,0.0,0.0,0.0,0.0,0.0,0.342625894059,0.0,0.0,0.0,0.0,0.0,0.342625894059
1643997877.35,zero_velocity,0.0,0.0,0.0,0.0,0.0,0.337641910173,0.0,0.0,0.0,0.0,0.0,0.337641910173
1643997877.36,zero_velocity,0.0,0.0,0.0,0.0,0.0,0.326762951746,0.0,0.0,0.0,0.0,0.0,0.326762951746
1643997877.41,zero_velocity,0.0,0.0,0.0,0.0,0.0,0.314769556566,0.0,0.0,0.0,0.0,0.0,0.314769556566
1643997877.49,zero_velocity,0.0,0.0,0.0,0.0,0.0,0.314,0.0,0.0,0.0,0.0,0.0,0.314
1643997877.54,zero_velocity,0.0,0.0,0.0,0.0,0.0,0.314,0.0,0.0,0.0,0.0,0.0,0.314
1643997877.62,zero_velocity,0.0,0.0,0.0,0.0,0.0,0.314,0.0,0.0,0.0,0.0,0.0,0.314
1643997877.77,zero_velocity,0.0,0.0,0.0,0.0,0.0,0.314,0.0,0.0,0.0,0.0,0.0,0.314
1643997877.78,zero_velocity,0.0,0.0,0.0,0.0,0.0,0.314,0.0,0.0,0.0,0.0,0.0,0.314
1643997877.87,zero_velocity,0.0,0.0,0.0,0.0,0.0,0.314,0.0,0.0,0.0,0.0,0.0,0.314
1643997877.95,zero_velocity,0.0,0.0,0.0,0.0,0.0,0.314,0.0,0.0,0.0,0.0,0.0,0.314
1643997878.01,zero_velocity,0.0,0.0,0.0,0.0,0.0,0.314,0.0,0.0,0.0,0.0,0.0,0.314
1643997878.08,zero_velocity,0.0,0.0,0.0,0.0,0.0,0.314,0.0,0.0,0.0,0.0,0.0,0.314
1643997878.15,zero_velocity,0.0,0.0,0.0,0.0,0.0,0.314,0.0,0.0,0.0,0.0,0.0,0.314
1643997878.31,zero_velocity,0.0,0.0,0.0,0.0,0.0,0.314,0.0,0.0,0.0,0.0,0.0,0.314
1643997878.31,zero_velocity,0.0,0.0,0.0,0.0,0.0,0.314,0.0,0.0,0.0,0.0,0.0,0.314
1643997878.39,zero_velocity,0.0,0.0,0.0,0.0,0.0,0.314,0.0,0.0,0.0,0.0,0.0,0.314
1643997878.46,zero_velocity,0.0,0.0,0.0,0.0,0.0,0.314,0.0,0.0,0.0,0.0,0.0,0.314
1643997878.55,zero_velocity,0.0,0.0,0.0,0.0,0.0,0.314,0.0,0.0,0.0,0.0,0.0,0.314
1643997878.62,zero_velocity,0.0,0.0,0.0,0.0,0.0,0.314,0.0,0.0,0.0,0.0,0.0,0.314
1643997878.69,zero_velocity,0.0,0.0,0.0,0.0,0.0,0.314,0.0,0.0,0.0,0.0,0.0,0.314
1643997878.77,zero_velocity,0.0,0.0,0.0,0.0,0.0,0.314,0.0,0.0,0.0,0.0,0.0,0.314
1643997878.91,zero_velocity,0.0,0.0,0.0,0.0,0.0,0.314,0.0,0.0,0.0,0.0,0.0,0.314
1643997878.94,zero_velocity,0.0,0.0,0.0,0.0,0.0,0.314,0.0,0.0,0.0,0.0,0.0,0.314
1643997879.03,zero_velocity,0.0,0.0,0.0,0.0,0.0,0.314,0.0,0.0,0.0,0.0,0.0,0.314
1643997879.08,zero_velocity,0.0,0.0,0.0,0.0,0.0,0.314,0.0,0.0,0.0,0.0,0.0,0.314
1643997879.13,zero_velocity,0.0,0.0,0.0,0.0,0.0,0.0,0.0,0.0,0.0,0.0,0.0,0.0
1643997879.2,zero_velocity,0.0,0.0,0.0,0.0,0.0,0.0,0.0,0.0,0.0,0.0,0.0,0.0
1643997879.37,zero_velocity,0.0,0.0,0.0,0.0,0.0,0.0,0.0,0.0,0.0,0.0,0.0,0.0
1643997879.37,zero_velocity,0.0,0.0,0.0,0.0,0.0,0.0,0.0,0.0,0.0,0.0,0.0,0.0
1643997879.45,zero_velocity,0.0,0.0,0.0,0.0,0.0,0.0,0.0,0.0,0.0,0.0,0.0,0.0
1643997879.53,zero_velocity,0.0,0.0,0.0,0.0,0.0,0.0,0.0,0.0,0.0,0.0,0.0,0.0
1643997879.6,zero_velocity,0.0,0.0,0.0,0.0,0.0,0.0,0.0,0.0,0.0,0.0,0.0,0.0
1643997879.67,zero_velocity,0.0,0.0,0.0,0.0,0.0,0.0,0.0,0.0,0.0,0.0,0.0,0.0
1643997879.76,zero_velocity,0.0,0.0,0.0,0.0,0.0,0.0,0.0,0.0,0.0,0.0,0.0,0.0
1643997879.85,zero_velocity,0.0,0.0,0.0,0.0,0.0,0.0,0.0,0.0,0.0,0.0,0.0,0.0
1643997879.91,zero_velocity,0.0,0.0,0.0,0.0,0.0,0.0,0.0,0.0,0.0,0.0,0.0,0.0
1643997880.01,zero_velocity,0.0,0.0,0.0,0.0,0.0,0.0,0.0,0.0,0.0,0.0,0.0,0.0
1643997880.1,zero_velocity,0.0,0.0,0.0,0.0,0.0,0.0,0.0,0.0,0.0,0.0,0.0,0.0
1643997880.18,zero_velocity,0.0,0.0,0.0,0.0,0.0,0.0,0.0,0.0,0.0,0.0,0.0,0.0
1643997880.26,zero_velocity,0.0,0.0,0.0,0.0,0.0,0.0,0.0,0.0,0.0,0.0,0.0,0.0
1643997880.45,zero_velocity,0.0,0.0,0.0,0.0,0.0,0.0,0.0,0.0,0.0,0.0,0.0,0.0
1643997880.46,zero_velocity,0.0,0.0,0.0,0.0,0.0,0.0,0.0,0.0,0.0,0.0,0.0,0.0
1643997880.51,zero_velocity,0.0,0.0,0.0,0.0,0.0,0.0,0.0,0.0,0.0,0.0,0.0,0.0
1643997880.58,zero_velocity,0.0,0.0,0.0,0.0,0.0,0.0,0.0,0.0,0.0,0.0,0.0,0.0
1643997880.66,zero_velocity,0.0,0.0,0.0,0.0,0.0,0.0,0.0,0.0,0.0,0.0,0.0,0.0
1643997880.72,zero_velocity,0.0,0.0,0.0,0.0,0.0,0.0,0.0,0.0,0.0,0.0,0.0,0.0
1643997880.79,zero_velocity,0.0,0.0,0.0,0.0,0.0,0.0,0.0,0.0,0.0,0.0,0.0,0.0
1643997880.88,zero_velocity,0.0,0.0,0.0,0.0,0.0,0.0,0.0,0.0,0.0,0.0,0.0,0.0
1643997880.96,zero_velocity,0.0,0.0,0.0,0.0,0.0,0.0,0.0,0.0,0.0,0.0,0.0,0.0
1643997881.09,zero_velocity,0.0,0.0,0.0,0.0,0.0,0.0,0.0,0.0,0.0,0.0,0.0,0.0
1643997881.11,zero_velocity,0.0,0.0,0.0,0.0,0.0,0.0,0.0,0.0,0.0,0.0,0.0,0.0
1643997881.21,zero_velocity,0.0,0.0,0.0,0.0,0.0,0.0,0.0,0.0,0.0,0.0,0.0,0.0
1643997881.28,zero_velocity,0.0,0.0,0.0,0.0,0.0,0.0,0.0,0.0,0.0,0.0,0.0,0.0
1643997881.35,zero_velocity,0.0,0.0,0.0,0.0,0.0,0.0,0.0,0.0,0.0,0.0,0.0,0.0
1643997881.42,zero_velocity,0.0,0.0,0.0,0.0,0.0,0.0,0.0,0.0,0.0,0.0,0.0,0.0
1643997881.48,zero_velocity,0.0,0.0,0.0,0.0,0.0,0.0,0.0,0.0,0.0,0.0,0.0,0.0
1643997881.63,zero_velocity,0.0,0.0,0.0,0.0,0.0,0.0,0.0,0.0,0.0,0.0,0.0,0.0
1643997881.65,zero_velocity,0.0,0.0,0.0,0.0,0.0,0.0,0.0,0.0,0.0,0.0,0.0,0.0
1643997881.75,zero_velocity,0.0,0.0,0.0,0.0,0.0,0.0,0.0,0.0,0.0,0.0,0.0,0.0
1643997881.82,zero_velocity,0.0,0.0,0.0,0.0,0.0,0.0,0.0,0.0,0.0,0.0,0.0,0.0
1643997881.9,zero_velocity,0.0,0.0,0.0,0.0,0.0,0.0,0.0,0.0,0.0,0.0,0.0,0.0
1643997881.97,zero_velocity,0.0,0.0,0.0,0.0,0.0,0.0,0.0,0.0,0.0,0.0,0.0,0.0
1643997882.05,zero_velocity,0.0,0.0,0.0,0.0,0.0,0.0,0.0,0.0,0.0,0.0,0.0,0.0
1643997882.12,zero_velocity,0.0,0.0,0.0,0.0,0.0,0.0,0.0,0.0,0.0,0.0,0.0,0.0
1643997882.32,zero_velocity,0.0,0.0,0.0,0.0,0.0,0.0,0.0,0.0,0.0,0.0,0.0,0.0
1643997882.32,zero_velocity,0.0,0.0,0.0,0.0,0.0,0.0,0.0,0.0,0.0,0.0,0.0,0.0
1643997882.39,zero_velocity,0.0,0.0,0.0,0.0,0.0,0.0,0.0,0.0,0.0,0.0,0.0,0.0
1643997882.45,zero_velocity,0.0,0.0,0.0,0.0,0.0,0.0,0.0,0.0,0.0,0.0,0.0,0.0
1643997882.52,zero_velocity,0.0,0.0,0.0,0.0,0.0,0.0,0.0,0.0,0.0,0.0,0.0,0.0
1643997882.59,zero_velocity,0.0,0.0,0.0,0.0,0.0,0.0,0.0,0.0,0.0,0.0,0.0,0.0
1643997882.68,zero_velocity,0.0,0.0,0.0,0.0,0.0,0.0,0.0,0.0,0.0,0.0,0.0,0.0
1643997882.77,zero_velocity,0.0,0.0,0.0,0.0,0.0,0.0,0.0,0.0,0.0,0.0,0.0,0.0
1643997882.88,zero_velocity,0.0,0.0,0.0,0.0,0.0,0.0,0.0,0.0,0.0,0.0,0.0,0.0
1643997882.92,zero_velocity,0.0,0.0,0.0,0.0,0.0,0.0,0.0,0.0,0.0,0.0,0.0,0.0
1643997883.0,zero_velocity,0.0,0.0,0.0,0.0,0.0,0.0,0.0,0.0,0.0,0.0,0.0,0.0
1643997883.06,zero_velocity,0.0,0.0,0.0,0.0,0.0,0.0,0.0,0.0,0.0,0.0,0.0,0.0
1643997972.71,zero_velocity,0.0,0.0,0.0,0.0,0.0,0.0,0.0,0.0,0.0,0.0,0.0,0.0
1643997972.81,capping,0.453287302619,0.453287302619,0.453287302619,0.0,0.0,0.619406981767,0.499918757378,0.0,0.0,0.0,0.0,0.683127823892
1643997972.9,pass_through,0.519639950246,0.0,0.0,0.0,0.0,0.759797837291,0.519639950246,0.0,0.0,0.0,0.0,0.759797837291
1643997972.97,pass_through,0.832703322172,0.0,0.0,0.0,0.0,0.701565968363,0.832703322172,0.0,0.0,0.0,0.0,0.701565968363
1643997973.06,pass_through,0.977999478579,0.0,0.0,0.0,0.0,0.715431842365,0.977999478579,0.0,0.0,0.0,0.0,0.715431842365
1643997973.21,pass_through,1.27603316307,0.0,0.0,0.0,0.0,0.64817333692,1.27603316307,0.0,0.0,0.0,0.0,0.64817333692
1643997973.23,capping,1.36119137834,1.36119137834,1.36119137834,0.0,0.0,0.527668875043,1.40661793947,0.0,0.0,0.0,0.0,0.545278582824
1643997973.3,pass_through,1.52490031719,0.0,0.0,0.0,0.0,0.512394703815,1.52490031719,0.0,0.0,0.0,0.0,0.512394703815
1643997973.39,pass_through,1.65980833301,0.0,0.0,0.0,0.0,0.453389964606,1.65980833301,0.0,0.0,0.0,0.0,0.453389964606
1643997973.47,pass_through,1.63132573011,0.0,0.0,0.0,0.0,0.476155345377,1.63132573011,0.0,0.0,0.0,0.0,0.476155345377
1643997973.54,pass_through,1.58654334557,0.0,0.0,0.0,0.0,0.440492846464,1.58654334557,0.0,0.0,0.0,0.0,0.440492846464
1643997973.68,pass_through,1.54135730885,0.0,0.0,0.0,0.0,0.388058596536,1.54135730885,0.0,0.0,0.0,0.0,0.388058596536
1643997973.7,pass_through,1.51268485773,0.0,0.0,0.0,0.0,0.394875460549,1.51268485773,0.0,0.0,0.0,0.0,0.394875460549
1643997973.78,pass_through,1.46839121752,0.0,0.0,0.0,0.0,0.410987251683,1.46839121752,0.0,0.0,0.0,0.0,0.410987251683
1643997973.87,pass_through,1.4405171126,0.0,0.0,0.0,0.0,0.400627070352,1.4405171126,0.0,0.0,0.0,0.0,0.400627070352
1643997973.95,pass_through,1.39915816085,0.0,0.0,0.0,0.0,0.346199327394,1.39915816085,0.0,0.0,0.0,0.0,0.346199327394
1643997974.03,pass_through,1.37160951077,0.0,0.0,0.0,0.0,0.28241969096,1.37160951077,0.0,0.0,0.0,0.0,0.28241969096
1643997974.19,pass_through,1.34510277267,0.0,0.0,0.0,0.0,0.285870843812,1.34510277267,0.0,0.0,0.0,0.0,0.285870843812
1643997974.19,capping,1.34360283821,1.34360283821,1.34360283821,0.0,0.0,0.31035310375,1.30556797334,0.0,0.0,0.0,0.0,0.301567592119
1643997974.26,pass_through,1.26621624341,0.0,0.0,0.0,0.0,0.274967424179,1.26621624341,0.0,0.0,0.0,0.0,0.274967424179
1643997974.35,pass_through,1.2407576315,0.0,0.0,0.0,0.0,0.245427139496,1.2407576315,0.0,0.0,0.0,0.0,0.245427139496
1643997974.42,pass_through,1.20400709814,0.0,0.0,0.0,0.0,0.281871296858,1.20400709814,0.0,0.0,0.0,0.0,0.281871296858
1643997974.48,pass_through,1.09846099646,0.0,0.0,0.0,0.0,0.0,1.09846099646,0.0,0.0,0.0,0.0,0.0
1643997974.59,pass_through,0.986424926084,0.0,0.0,0.0,0.0,0.0,0.986424926084,0.0,0.0,0.0,0.0,0.0
1643997974.69,pass_through,1.12794349535,0.0,0.0,0.0,0.0,0.35603989896,1.12794349535,0.0,0.0,0.0,0.0,0.35603989896
1643997974.75,pass_through,1.10059470494,0.0,0.0,0.0,0.0,0.440669433067,1.10059470494,0.0,0.0,0.0,0.0,0.440669433067
1643997974.82,pass_through,1.08149358675,0.0,0.0,0.0,0.0,0.443576669517,1.08149358675,0.0,0.0,0.0,0.0,0.443576669517
1643997974.88,pass_through,1.0519334102,0.0,0.0,0.0,0.0,0.339469432329,1.0519334102,0.0,0.0,0.0,0.0,0.339469432329
1643997974.95,pass_through,1.03260622486,0.0,0.0,0.0,0.0,0.427965355421,1.03260622486,0.0,0.0,0.0,0.0,0.427965355421
1643997975.06,pass_through,0.914767736601,0.0,0.0,0.0,0.0,0.205981508305,0.914767736601,0.0,0.0,0.0,0.0,0.205981508305
1643997975.18,pass_through,0.810447364376,0.0,0.0,0.0,0.0,0.0,0.810447364376,0.0,0.0,0.0,0.0,0.0
1643997975.21,capping,0.948497667764,0.948497667764,0.948497667764,0.0,0.0,0.498526788873,0.961497736646,0.0,0.0,0.0,0.0,0.505359575937
1643997975.26,pass_through,0.946062402927,0.0,0.0,0.0,0.0,0.576610939283,0.946062402927,0.0,0.0,0.0,0.0,0.576610939283
1643997975.35,pass_through,0.923009367985,0.0,0.0,0.0,0.0,0.603877343881,0.923009367985,0.0,0.0,0.0,0.0,0.603877343881
1643997975.41,pass_through,0.907190162871,0.0,0.0,0.0,0.0,0.597498329313,0.907190162871,0.0,0.0,0.0,0.0,0.597498329313
1643997975.49,pass_through,0.883986874009,0.0,0.0,0.0,0.0,0.637966176397,0.883986874009,0.0,0.0,0.0,0.0,0.637966176397
1643997975.61,pass_through,0.86881798596,0.0,0.0,0.0,0.0,0.623626953677,0.86881798596,0.0,0.0,0.0,0.0,0.623626953677
1643997975.71,pass_through,0.846201327808,0.0,0.0,0.0,0.0,0.603675745035,0.846201327808,0.0,0.0,0.0,0.0,0.603675745035
1643997975.77,pass_through,0.830998157671,0.0,0.0,0.0,0.0,0.556910702931,0.830998157671,0.0,0.0,0.0,0.0,0.556910702931
1643997975.84,pass_through,0.808634873956,0.0,0.0,0.0,0.0,0.542337806852,0.808634873956,0.0,0.0,0.0,0.0,0.542337806852
1643997975.93,pass_through,0.793839493019,0.0,0.0,0.0,0.0,0.448003881731,0.793839493019,0.0,0.0,0.0,0.0,0.448003881731
1643997976.0,pass_through,0.772062945019,0.0,0.0,0.0,0.0,0.415779878717,0.772062945019,0.0,0.0,0.0,0.0,0.415779878717
1643997976.07,pass_through,0.757607945499,0.0,0.0,0.0,0.0,0.438483482787,0.757607945499,0.0,0.0,0.0,0.0,0.438483482787
1643997976.16,pass_through,0.743620353568,0.0,0.0,0.0,0.0,0.399841838761,0.743620353568,0.0,0.0,0.0,0.0,0.399841838761
1643997976.23,pass_through,0.722947090953,0.0,0.0,0.0,0.0,0.416928504517,0.722947090953,0.0,0.0,0.0,0.0,0.416928504517
1643997976.32,pass_through,0.702512436499,0.0,0.0,0.0,0.0,0.351767712518,0.702512436499,0.0,0.0,0.0,0.0,0.351767712518
1643997976.39,pass_through,0.689003146086,0.0,0.0,0.0,0.0,0.37613945572,0.689003146086,0.0,0.0,0.0,0.0,0.37613945572
1643997976.48,pass_through,0.669352214676,0.0,0.0,0.0,0.0,0.309392893001,0.669352214676,0.0,0.0,0.0,0.0,0.309392893001
1643997976.56,pass_through,0.656516468921,0.0,0.0,0.0,0.0,0.307213180944,0.656516468921,0.0,0.0,0.0,0.0,0.307213180944
1643997976.67,pass_through,0.637631301287,0.0,0.0,0.0,0.0,0.354647390152,0.637631301287,0.0,0.0,0.0,0.0,0.354647390152
1643997976.77,pass_through,0.625214511829,0.0,0.0,0.0,0.0,0.337569914366,0.625214511829,0.0,0.0,0.0,0.0,0.337569914366
1643997976.8,pass_through,0.606550732473,0.0,0.0,0.0,0.0,0.267885946914,0.606550732473,0.0,0.0,0.0,0.0,0.267885946914
1643997976.86,pass_through,0.596725565686,0.0,0.0,0.0,0.0,0.279593640252,0.596725565686,0.0,0.0,0.0,0.0,0.279593640252
1643997976.96,pass_through,0.577230039246,0.0,0.0,0.0,0.0,0.279298909401,0.577230039246,0.0,0.0,0.0,0.0,0.279298909401
1643997977.01,pass_through,0.565838796921,0.0,0.0,0.0,0.0,0.282422848438,0.565838796921,0.0,0.0,0.0,0.0,0.282422848438
1643997977.09,pass_through,0.549100060305,0.0,0.0,0.0,0.0,0.305416502451,0.549100060305,0.0,0.0,0.0,0.0,0.305416502451
1643997977.16,pass_through,0.538371658677,0.0,0.0,0.0,0.0,0.318857647871,0.538371658677,0.0,0.0,0.0,0.0,0.318857647871
1643997977.32,pass_through,0.52262804075,0.0,0.0,0.0,0.0,0.238007539197,0.52262804075,0.0,0.0,0.0,0.0,0.238007539197
1643997977.32,pass_through,0.512214747097,0.0,0.0,0.0,0.0,0.273872339412,0.512214747097,0.0,0.0,0.0,0.0,0.273872339412
1643997977.39,pass_through,0.49680199533,0.0,0.0,0.0,0.0,0.175387093895,0.49680199533,0.0,0.0,0.0,0.0,0.175387093895
1643997977.47,pass_through,0.48697456381,0.0,0.0,0.0,0.0,0.184658639525,0.48697456381,0.0,0.0,0.0,0.0,0.184658639525
1643997977.54,pass_through,0.472578264828,0.0,0.0,0.0,0.0,0.256586162275,0.472578264828,0.0,0.0,0.0,0.0,0.256586162275
1643997977.62,pass_through,0.46298087225,0.0,0.0,0.0,0.0,0.26542156072,0.46298087225,0.0,0.0,0.0,0.0,0.26542156072
1643997977.71,pass_through,0.449147866696,0.0,0.0,0.0,0.0,0.248075969909,0.449147866696,0.0,0.0,0.0,0.0,0.248075969909
1643997977.79,pass_through,0.440107505151,0.0,0.0,0.0,0.0,0.209513300344,0.440107505151,0.0,0.0,0.0,0.0,0.209513300344
1643997977.84,pass_through,0.427030586774,0.0,0.0,0.0,0.0,0.203073435708,0.427030586774,0.0,0.0,0.0,0.0,0.203073435708
1643997977.93,pass_through,0.418467086195,0.0,0.0,0.0,0.0,0.187704199239,0.418467086195,0.0,0.0,0.0,0.0,0.187704199239
1643997978.01,pass_through,0.40580395863,0.0,0.0,0.0,0.0,0.191904269551,0.40580395863,0.0,0.0,0.0,0.0,0.191904269551
1643997978.08,pass_through,0.397674570746,0.0,0.0,0.0,0.0,0.184397078658,0.397674570746,0.0,0.0,0.0,0.0,0.184397078658
1643997978.14,pass_through,0.389731510776,0.0,0.0,0.0,0.0,0.154724172856,0.389731510776,0.0,0.0,0.0,0.0,0.154724172856
1643997978.22,pass_through,0.378064774787,0.0,0.0,0.0,0.0,0.185251719858,0.378064774787,0.0,0.0,0.0,0.0,0.185251719858
1643997978.31,pass_through,0.370418289901,0.0,0.0,0.0,0.0,0.142219417189,0.370418289901,0.0,0.0,0.0,0.0,0.142219417189
1643997978.39,pass_through,0.359306247954,0.0,0.0,0.0,0.0,0.147468023394,0.359306247954,0.0,0.0,0.0,0.0,0.147468023394
1643997978.52,pass_through,0.34847747146,0.0,0.0,0.0,0.0,0.127224557494,0.34847747146,0.0,0.0,0.0,0.0,0.127224557494
1643997978.54,pass_through,0.341423813609,0.0,0.0,0.0,0.0,0.11860265622,0.341423813609,0.0,0.0,0.0,0.0,0.11860265622
1643997978.62,pass_through,0.33104522901,0.0,0.0,0.0,0.0,0.0895582068908,0.33104522901,0.0,0.0,0.0,0.0,0.0895582068908
1643997978.67,pass_through,0.324419626019,0.0,0.0,0.0,0.0,0.0895343054282,0.324419626019,0.0,0.0,0.0,0.0,0.0895343054282
1643997978.77,pass_through,0.314787388551,0.0,0.0,0.0,0.0,0.0553171340572,0.314787388551,0.0,0.0,0.0,0.0,0.0553171340572
1643997978.84,pass_through,0.308506781862,0.0,0.0,0.0,0.0,0.0535540286648,0.308506781862,0.0,0.0,0.0,0.0,0.0535540286648
1643997979.02,pass_through,0.299290149677,0.0,0.0,0.0,0.0,0.111314773167,0.299290149677,0.0,0.0,0.0,0.0,0.111314773167
1643997979.04,pass_through,0.293232998643,0.0,0.0,0.0,0.0,0.124766356851,0.293232998643,0.0,0.0,0.0,0.0,0.124766356851
1643997979.13,pass_through,0.284205825063,0.0,0.0,0.0,0.0,0.13635278454,0.284205825063,0.0,0.0,0.0,0.0,0.13635278454
1643997979.19,pass_through,0.278380894158,0.0,0.0,0.0,0.0,0.126093864049,0.278380894158,0.0,0.0,0.0,0.0,0.126093864049
1643997979.27,pass_through,0.269904130013,0.0,0.0,0.0,0.0,0.094139583801,0.269904130013,0.0,0.0,0.0,0.0,0.094139583801
1643997979.33,pass_through,0.264445141365,0.0,0.0,0.0,0.0,0.0803333301293,0.264445141365,0.0,0.0,0.0,0.0,0.0803333301293
1643997979.42,pass_through,0.256518801025,0.0,0.0,0.0,0.0,0.0598341975557,0.256518801025,0.0,0.0,0.0,0.0,0.0598341975557
1643997979.55,pass_through,0.251359093969,0.0,0.0,0.0,0.0,0.0306316990601,0.251359093969,0.0,0.0,0.0,0.0,0.0306316990601
1643997979.62,pass_through,0.243794629403,0.0,0.0,0.0,0.0,0.0229922089922,0.243794629403,0.0,0.0,0.0,0.0,0.0229922089922
1643997979.67,pass_through,0.238846622989,0.0,0.0,0.0,0.0,0.0955995987905,0.238846622989,0.0,0.0,0.0,0.0,0.0955995987905
1643997979.74,pass_through,0.231713165011,0.0,0.0,0.0,0.0,0.0545572940456,0.231713165011,0.0,0.0,0.0,0.0,0.0545572940456
1643997979.83,pass_through,0.22703705437,0.0,0.0,0.0,0.0,0.0,0.22703705437,0.0,0.0,0.0,0.0,0.0
1643997979.9,pass_through,0.220235617941,0.0,0.0,0.0,0.0,0.0,0.220235617941,0.0,0.0,0.0,0.0,0.0
1643997980.05,pass_through,0.215806306659,0.0,0.0,0.0,0.0,0.0,0.215806306659,0.0,0.0,0.0,0.0,0.0
1643997980.08,pass_through,0.209315217522,0.0,0.0,0.0,0.0,0.0,0.209315217522,0.0,0.0,0.0,0.0,0.0
1643997980.15,pass_through,0.20506944115,0.0,0.0,0.0,0.0,0.0,0.20506944115,0.0,0.0,0.0,0.0,0.0
1643997980.21,pass_through,0.198937064411,0.0,0.0,0.0,0.0,0.0,0.198937064411,0.0,0.0,0.0,0.0,0.0
1643997980.3,pass_through,0.194986856054,0.0,0.0,0.0,0.0,0.0,0.194986856054,0.0,0.0,0.0,0.0,0.0
1643997980.39,pass_through,0.189154025523,0.0,0.0,0.0,0.0,0.0,0.189154025523,0.0,0.0,0.0,0.0,0.0
1643997980.44,pass_through,0.185335206302,0.0,0.0,0.0,0.0,0.0,0.185335206302,0.0,0.0,0.0,0.0,0.0
1643997980.61,pass_through,0.179776419784,0.0,0.0,0.0,0.0,0.0,0.179776419784,0.0,0.0,0.0,0.0,0.0
1643997980.61,pass_through,0.176125444642,0.0,0.0,0.0,0.0,0.0543255124511,0.176125444642,0.0,0.0,0.0,0.0,0.0543255124511
1643997980.66,pass_through,0.170721944542,0.0,0.0,0.0,0.0,0.0,0.170721944542,0.0,0.0,0.0,0.0,0.0
1643997980.73,pass_through,0.153825571939,0.0,0.0,0.0,0.0,0.0868198681427,0.153825571939,0.0,0.0,0.0,0.0,0.0868198681427
1643997980.82,pass_through,0.150001807833,0.0,0.0,0.0,0.0,0.0664038123367,0.150001807833,0.0,0.0,0.0,0.0,0.0664038123367
1643997980.88,pass_through,0.147586077321,0.0,0.0,0.0,0.0,0.113251771386,0.147586077321,0.0,0.0,0.0,0.0,0.113251771386
1643997980.95,pass_through,0.144099970766,0.0,0.0,0.0,0.0,0.0864582914663,0.144099970766,0.0,0.0,0.0,0.0,0.0864582914663
1643997981.09,pass_through,0.141798373969,0.0,0.0,0.0,0.0,0.124061517025,0.141798373969,0.0,0.0,0.0,0.0,0.124061517025
1643997981.09,pass_through,0.138423541136,0.0,0.0,0.0,0.0,0.0240214098441,0.138423541136,0.0,0.0,0.0,0.0,0.0240214098441
1643997981.16,pass_through,0.127167109195,0.0,0.0,0.0,0.0,0.123548343386,0.127167109195,0.0,0.0,0.0,0.0,0.123548343386
1643997981.21,pass_through,0.132998675578,0.0,0.0,0.0,0.0,0.0709590889317,0.132998675578,0.0,0.0,0.0,0.0,0.0709590889317
1643997981.27,pass_through,0.123275067042,0.0,0.0,0.0,0.0,0.093758958931,0.123275067042,0.0,0.0,0.0,0.0,0.093758958931
1643997981.35,pass_through,0.120947317148,0.0,0.0,0.0,0.0,0.068770194034,0.120947317148,0.0,0.0,0.0,0.0,0.068770194034
1643997981.45,pass_through,0.119509462009,0.0,0.0,0.0,0.0,0.147639673889,0.119509462009,0.0,0.0,0.0,0.0,0.147639673889
1643997981.52,pass_through,0.117411814984,0.0,0.0,0.0,0.0,0.125885291711,0.117411814984,0.0,0.0,0.0,0.0,0.125885291711
1643997981.66,pass_through,0.11067966683,0.0,0.0,0.0,0.0,0.162979719915,0.11067966683,0.0,0.0,0.0,0.0,0.162979719915
1643997981.67,zero_velocity,0.0,0.0,0.0,0.0,0.0,0.0,0.0,0.0,0.0,0.0,0.0,0.0
1643997981.74,zero_velocity,0.0,0.0,0.0,0.0,0.0,-0.0,0.0,0.0,0.0,0.0,0.0,-0.0
1643997981.81,zero_velocity,0.0,0.0,0.0,0.0,0.0,-0.0,0.0,0.0,0.0,0.0,0.0,-0.0
1643997981.88,zero_velocity,0.0,0.0,0.0,0.0,0.0,-1.0,0.0,0.0,0.0,0.0,0.0,-1.0
1643997981.96,zero_velocity,0.0,0.0,0.0,0.0,0.0,-1.0,0.0,0.0,0.0,0.0,0.0,-1.0
1643997982.05,zero_velocity,0.0,0.0,0.0,0.0,0.0,-1.0,0.0,0.0,0.0,0.0,0.0,-1.0
1643997982.16,zero_velocity,0.0,0.0,0.0,0.0,0.0,-0.975718212935,0.0,0.0,0.0,0.0,0.0,-0.975718212935
1643997982.18,zero_velocity,0.0,0.0,0.0,0.0,0.0,-0.940674137148,0.0,0.0,0.0,0.0,0.0,-0.940674137148
1643997982.26,zero_velocity,0.0,0.0,0.0,0.0,0.0,-0.875934046407,0.0,0.0,0.0,0.0,0.0,-0.875934046407
1643997982.34,zero_velocity,0.0,0.0,0.0,0.0,0.0,-0.834538208354,0.0,0.0,0.0,0.0,0.0,-0.834538208354
1643997982.39,zero_velocity,0.0,0.0,0.0,0.0,0.0,-0.798786651272,0.0,0.0,0.0,0.0,0.0,-0.798786651272
1643997982.48,zero_velocity,0.0,0.0,0.0,0.0,0.0,-0.753559820597,0.0,0.0,0.0,0.0,0.0,-0.753559820597
1643997982.56,zero_velocity,0.0,0.0,0.0,0.0,0.0,-0.716199207772,0.0,0.0,0.0,0.0,0.0,-0.716199207772
1643997982.7,zero_velocity,0.0,0.0,0.0,0.0,0.0,-0.694238551891,0.0,0.0,0.0,0.0,0.0,-0.694238551891
1643997982.7,zero_velocity,0.0,0.0,0.0,0.0,0.0,-0.662547461398,0.0,0.0,0.0,0.0,0.0,-0.662547461398
1643997982.76,zero_velocity,0.0,0.0,0.0,0.0,0.0,-0.640274327293,0.0,0.0,0.0,0.0,0.0,-0.640274327293
1643997982.86,zero_velocity,0.0,0.0,0.0,0.0,0.0,-0.602975498873,0.0,0.0,0.0,0.0,0.0,-0.602975498873
1643997982.91,zero_velocity,0.0,0.0,0.0,0.0,0.0,-0.572375263215,0.0,0.0,0.0,0.0,0.0,-0.572375263215
1643997982.99,zero_velocity,0.0,0.0,0.0,0.0,0.0,-0.519286262486,0.0,0.0,0.0,0.0,0.0,-0.519286262486
1643997983.11,zero_velocity,0.0,0.0,0.0,0.0,0.0,-0.484441411639,0.0,0.0,0.0,0.0,0.0,-0.484441411639
1643997983.19,zero_velocity,0.0,0.0,0.0,0.0,0.0,-0.437583398674,0.0,0.0,0.0,0.0,0.0,-0.437583398674
1643997983.24,zero_velocity,0.0,0.0,0.0,0.0,0.0,-0.406708747639,0.0,0.0,0.0,0.0,0.0,-0.406708747639
1643997983.32,zero_velocity,0.0,0.0,0.0,0.0,0.0,-0.369255235446,0.0,0.0,0.0,0.0,0.0,-0.369255235446
1643997983.39,zero_velocity,0.0,0.0,0.0,0.0,0.0,-0.346364582108,0.0,0.0,0.0,0.0,0.0,-0.346364582108
1643997983.46,zero_velocity,0.0,0.0,0.0,0.0,0.0,-0.315338113238,0.0,0.0,0.0,0.0,0.0,-0.315338113238
1643997983.55,zero_velocity,0.0,0.0,0.0,0.0,0.0,-0.314,0.0,0.0,0.0,0.0,0.0,-0.314
1643997983.63,zero_velocity,0.0,0.0,0.0,0.0,0.0,-0.314,0.0,0.0,0.0,0.0,0.0,-0.314
1643997983.68,zero_velocity,0.0,0.0,0.0,0.0,0.0,-0.314,0.0,0.0,0.0,0.0,0.0,-0.314
1643997983.76,zero_velocity,0.0,0.0,0.0,0.0,0.0,-0.314,0.0,0.0,0.0,0.0,0.0,-0.314
1643997983.83,zero_velocity,0.0,0.0,0.0,0.0,0.0,-0.314,0.0,0.0,0.0,0.0,0.0,-0.314
1643997983.92,zero_velocity,0.0,0.0,0.0,0.0,0.0,-0.314,0.0,0.0,0.0,0.0,0.0,-0.314
1643997984.0,zero_velocity,0.0,0.0,0.0,0.0,0.0,-0.314,0.0,0.0,0.0,0.0,0.0,-0.314
1643997984.05,zero_velocity,0.0,0.0,0.0,0.0,0.0,0.0,0.0,0.0,0.0,0.0,0.0,0.0
1643997984.13,zero_velocity,0.0,0.0,0.0,0.0,0.0,0.0,0.0,0.0,0.0,0.0,0.0,0.0
1643997984.32,zero_velocity,0.0,0.0,0.0,0.0,0.0,0.0,0.0,0.0,0.0,0.0,0.0,0.0
1643997984.32,zero_velocity,0.0,0.0,0.0,0.0,0.0,0.0,0.0,0.0,0.0,0.0,0.0,0.0
1643997984.37,zero_velocity,0.0,0.0,0.0,0.0,0.0,0.0,0.0,0.0,0.0,0.0,0.0,0.0
1643997984.44,zero_velocity,0.0,0.0,0.0,0.0,0.0,0.0,0.0,0.0,0.0,0.0,0.0,0.0
1643997984.52,zero_velocity,0.0,0.0,0.0,0.0,0.0,0.0,0.0,0.0,0.0,0.0,0.0,0.0
1643997984.59,zero_velocity,0.0,0.0,0.0,0.0,0.0,0.0,0.0,0.0,0.0,0.0,0.0,0.0
1643997984.67,zero_velocity,0.0,0.0,0.0,0.0,0.0,0.0,0.0,0.0,0.0,0.0,0.0,0.0
1643997984.75,zero_velocity,0.0,0.0,0.0,0.0,0.0,0.0,0.0,0.0,0.0,0.0,0.0,0.0